img_name,label,xmin,ymin,xmax,ymax
0000012-16347456122a06.jpg,0,58,79,100,124
0000043-157305604379c0.jpg,0,60,108,144,198
0000055-16299072552135.jpg,0,128,5,239,123
0000107-1504454467f108.jpg,0,50,24,154,134
0000135-1519056095a828.jpg,0,132,57,193,121
0000153-1504972913bfa0.jpg,0,96,179,124,209
0000207-1634745727a455.jpg,0,54,149,84,181
0000232-1513094552a338.jpg,0,90,155,182,253
0000251-15046273714581.jpg,0,147,231,170,256
0000333-146954901370e8.jpg,0,170,10,234,78
0000357-15190562379c44.jpg,0,162,130,191,160
0000502-1507651502d9e3.jpg,0,196,45,255,108
0000528-1512921928cf40.jpg,0,72,81,181,197
0000535-1587657935016c.jpg,0,197,115,225,145
0000549-1469549149cf76.jpg,0,17,132,105,226
0000603-15005667633c84.jpg,0,83,204,100,222
0000653-1571674013a6f4.jpg,0,7,49,61,107
0000809-1504627689bf73.jpg,0,115,8,184,81
0000809-150497328989e2.jpg,0,45,94,97,150
0000852-1497024532302c.jpg,0,155,159,243,253
0000934-1645200574f69c.jpg,0,93,128,106,142
0001017-156692221763a4.jpg,0,43,47,135,144
0001203-1506269523973d.jpg,0,73,59,140,130
0001220-15669223403f8b.jpg,0,84,192,134,245
0001246-15012583669211.jpg,0,33,148,97,216
0001314-16618759946186.jpg,0,50,108,149,213
0001341-15059240211eb6.jpg,0,106,208,142,246
0001345-150497362525b0.jpg,0,28,131,100,208
0001422-15046280620489.jpg,0,143,221,172,252
0001502-1505664902e805.jpg,0,67,138,106,179
0001531-1648311331f68a.jpg,0,60,163,102,207
0001551-15046281515b48.jpg,0,56,79,139,168
0001846-16425227266655.jpg,0,162,35,183,57
0001855-1507652335b21a.jpg,0,180,151,207,180
0002047-15975948479335.jpg,0,185,179,210,205
0002106-15029004667e15.jpg,0,106,47,147,91
0002133-15026412933036.jpg,0,3,113,55,169
0002143-1648830103e280.jpg,0,104,50,160,110
0002234-15054061547465.jpg,0,83,160,159,241
0002321-150557900134ae.jpg,0,55,135,94,176
0002402-16352654429dcc.jpg,0,68,91,169,198
0002456-15773774962cff.jpg,0,70,51,119,103
0002734-16575568540728.jpg,0,72,57,160,151
0002738-15054064585e09.jpg,0,84,64,112,93
0002739-1577377659b456.jpg,0,51,0,168,124
0002837-1659889717b3f6.jpg,0,28,174,80,229
0002845-157841452520eb.jpg,0,92,110,126,146
0002942-1505060982cc1a.jpg,0,25,0,54,31
0002947-1652286587d326.jpg,0,153,206,194,250
0003018-16451154181ca0.jpg,0,133,66,218,157
0003121-150540668164a6.jpg,0,3,73,109,186
0003252-14678227722ddb.jpg,0,108,68,188,153
0003405-16547924458678.jpg,0,73,137,109,176
0003431-16264532710e32.jpg,0,84,108,204,235
0003433-15055796731dd8.jpg,0,42,121,154,241
0003810-1505407090274c.jpg,0,72,21,159,114
0003823-1505061503d952.jpg,0,139,128,255,251
0004253-1658248973fefd.jpg,0,157,94,249,192
0004312-1614616992eae2.jpg,0,126,97,192,167
0004442-1505407482391e.jpg,0,125,49,138,63
0004744-1652978864ec5e.jpg,0,159,84,243,173
0005045-16561758456bcf.jpg,0,41,186,60,206
0005239-16561759591a95.jpg,0,73,50,184,168
0005346-1570294426c666.jpg,0,32,171,100,244
0005608-1584550568e79c.jpg,0,2,12,74,88
0010624-1652979984946b.jpg,0,59,16,137,99
0011122-164390828235a1.jpg,0,139,155,214,235
0011530-16488333306425.jpg,0,114,105,231,229
0011919-1642958359c39f.jpg,0,169,160,221,215
0080404-1503965044f072.jpg,0,30,68,43,82
0083729-150396704933fd.jpg,0,80,101,189,217
0083815-1507941495e94a.jpg,0,15,77,112,180
0083913-15272087538da6.jpg,0,208,102,231,127
0084052-15052632524179.jpg,0,167,202,198,234
0084123-15079416839444.jpg,0,133,60,233,166
0084422-1507941862dc37.jpg,0,33,56,114,142
0084727-1507942047c8ac.jpg,0,6,38,119,158
0085700-15577090205d17.jpg,0,99,184,128,215
0090008-1521162008e23c.jpg,0,174,4,204,36
0091633-15052653930a36.jpg,0,8,1,83,81
0091803-15386158831d4e.jpg,0,127,4,148,26
0091930-15104495703e92.jpg,0,165,46,225,110
0092320-1507857800765f.jpg,0,56,140,152,242
0092443-151044988344cc.jpg,0,40,139,115,219
0092621-15291987816fb2.jpg,0,39,174,73,211
0092732-1500946052ef5f.jpg,0,121,100,158,139
0092753-1529198873fb7e.jpg,0,43,121,71,151
0092916-15291989567936.jpg,0,3,71,73,145
0092928-1507858168e7a5.jpg,0,99,83,195,185
0092953-1500946193fc08.jpg,0,169,73,226,134
0093027-15118326273a81.jpg,0,139,198,169,229
0093034-15386166345d11.jpg,0,65,160,103,200
0093044-1551835844245d.jpg,0,66,172,104,212
0093208-1500946328091d.jpg,0,197,132,230,167
0093208-154120872823d0.jpg,0,6,9,105,115
0093211-1529199131e3c9.jpg,0,154,79,254,185
0093247-15291991675460.jpg,0,154,55,216,121
0093320-1504316000c15b.jpg,0,106,109,166,173
0093337-152919921775ec.jpg,0,19,175,91,251
0093407-1497576847dc92.jpg,0,3,71,67,139
0093433-1500946473e517.jpg,0,109,139,177,211
0093533-1529112933676e.jpg,0,138,65,171,100
0093722-150094664273ce.jpg,0,74,12,99,39
0093903-152911314381c4.jpg,0,105,143,123,162
0093959-1504316399d1e1.jpg,0,203,60,230,89
0094039-1503279639a16b.jpg,0,206,23,243,62
0094039-15258300390e1b.jpg,0,67,164,90,188
0094128-1531359688d86b.jpg,0,6,92,50,139
0094325-1541209405736d.jpg,0,15,193,29,208
0094409-15349886493e90.jpg,0,20,97,59,138
0094410-15094142507047.jpg,0,13,45,76,112
0094508-1507859108434d.jpg,0,178,185,238,249
0094637-15349887977b45.jpg,0,6,17,125,143
0094658-15078592181a80.jpg,0,46,94,112,164
0094753-15009472734010.jpg,0,211,5,235,31
0094915-15272129550fae.jpg,0,111,163,176,232
0095025-1530496225d1f5.jpg,0,197,155,248,209
0095044-1527213044d626.jpg,0,64,47,166,155
0095156-15304963168861.jpg,0,89,16,191,125
0095403-15078596439d63.jpg,0,158,139,188,171
0095550-1541210150ce8f.jpg,0,64,85,167,194
0095559-15614277592283.jpg,0,9,122,96,214
0095730-15043174507699.jpg,0,166,182,223,243
0095746-1475287066b546.jpg,0,206,141,248,186
0095752-15412102729d33.jpg,0,54,134,122,206
0095756-1516672676e722.jpg,0,90,102,145,160
0095821-15022439010115.jpg,0,28,27,67,69
0095842-1567389522806f.jpg,0,142,139,160,158
0095847-1531792727a75a.jpg,0,99,95,178,179
0095918-15094151582ace.jpg,0,110,205,141,238
0095925-15323975655e0b.jpg,0,117,91,161,138
0095958-1532397598b1d8.jpg,0,149,110,206,170
0100024-1500948024d0f3.jpg,0,208,5,235,34
0100026-1514253626f437.jpg,0,95,60,140,108
0100046-1471831246a885.jpg,0,205,3,245,46
0100110-1509847270632b.jpg,0,39,178,107,250
0100120-15165000800b4e.jpg,0,147,30,207,94
0100142-1541210502ff5a.jpg,0,135,87,158,111
0100220-1507860140108b.jpg,0,80,3,161,89
0100236-1503885756ba8e.jpg,0,42,122,116,200
0100245-150224416510ae.jpg,0,29,23,87,85
0100248-15349033689012.jpg,0,110,9,207,112
0100259-15009481799ba9.jpg,0,128,102,189,167
0100305-1531792985daab.jpg,0,13,67,116,177
0100356-153490343653ec.jpg,0,0,133,51,187
0100402-15673898427056.jpg,0,97,156,132,193
0100501-156142830165ce.jpg,0,137,87,167,119
0100535-15317931353124.jpg,0,10,10,129,137
0100544-1516500344fbcf.jpg,0,122,69,232,185
0100557-15412107576d9e.jpg,0,73,173,119,222
0100643-153179320320b8.jpg,0,165,68,213,119
0100852-151580933227fc.jpg,0,51,148,133,235
0100855-150094853578f6.jpg,0,231,126,250,146
0100921-1520302161392e.jpg,0,64,17,170,130
0100945-15165005854214.jpg,0,65,8,88,33
0100959-15317933996b32.jpg,0,126,153,150,178
0101015-1504318215fe46.jpg,0,13,155,83,230
0101019-1502244619c32d.jpg,0,178,113,236,175
0101024-1562983824e324.jpg,0,167,111,190,136
0101100-15641934606367.jpg,0,45,114,153,229
0101111-15078606711e51.jpg,0,72,51,134,117
0101138-15009486986dfe.jpg,0,33,77,61,106
0101211-1531793531e09a.jpg,0,17,2,44,30
0101212-15043183323d08.jpg,0,110,93,128,113
0101310-1531793590e243.jpg,0,140,69,201,134
0101316-151079839615c1.jpg,0,124,148,176,203
0101346-1502417626ac7c.jpg,0,92,116,127,153
0101412-1507860852a4b0.jpg,0,112,109,148,148
0101417-1538619257222b.jpg,0,192,59,237,107
0101433-156298407395a5.jpg,0,22,123,141,250
0101449-1526264089f8d3.jpg,0,236,86,255,106
0101453-1520302493ce7f.jpg,0,19,123,52,159
0101500-15232401001fdc.jpg,0,134,137,231,240
0101607-15317937679097.jpg,0,47,78,100,135
0101720-1538619440b939.jpg,0,163,19,181,38
0101726-15262642465406.jpg,0,62,76,129,147
0101733-15629842537353.jpg,0,86,83,169,171
0101810-14705362904f00.jpg,0,140,70,167,99
0101814-15203026941293.jpg,0,35,105,81,154
0101816-1523240296f3b7.jpg,0,130,147,200,221
0101846-151088512651fc.jpg,0,110,27,218,141
0101935-1538619575550a.jpg,0,74,109,187,230
0101936-15262643769091.jpg,0,32,9,96,77
0102037-15203028370695.jpg,0,79,138,155,219
0102118-1525918878fe7e.jpg,0,50,19,147,122
0102208-15332629282f49.jpg,0,123,137,198,217
0102255-1533262975a384.jpg,0,92,149,166,227
0102339-15043190193c82.jpg,0,17,57,129,176
0102342-150241822257f6.jpg,0,8,74,46,114
0102428-150025826812a3.jpg,0,209,56,226,74
0102429-1502245469ec2e.jpg,0,91,175,162,251
0102710-15064792300247.jpg,0,79,70,140,135
0102723-1584757643a4d4.jpg,0,131,171,144,185
0102747-1551580067a5f8.jpg,0,186,130,213,159
0102832-1520303312bb48.jpg,0,12,81,121,197
0102936-1503282576433a.jpg,0,34,75,97,142
0103011-15515802114faa.jpg,0,222,85,241,105
0103019-15027642193202.jpg,0,63,135,134,211
0103028-15275610288794.jpg,0,156,139,190,175
0103127-1564194687d747.jpg,0,66,41,127,106
0103129-15282522899d58.jpg,0,107,92,172,161
0103318-1547519598c67c.jpg,0,68,207,91,231
0103324-15078620047a35.jpg,0,213,81,238,108
0103341-15275612218da3.jpg,0,108,124,179,200
0103346-15203036264c5e.jpg,0,50,137,109,200
0103545-15027645459674.jpg,0,10,1,88,84
0103601-15847581618d42.jpg,0,185,141,213,171
0103631-1505097391c677.jpg,0,91,67,112,89
0103818-1502505498e7cd.jpg,0,96,6,146,59
0103830-15377567104593.jpg,0,63,60,104,104
0103840-15009503208823.jpg,0,36,92,99,159
0103844-15346463246d51.jpg,0,142,5,250,120
0103939-14894591797249.jpg,0,66,166,147,253
0103950-15027647907e11.jpg,0,58,68,145,160
0103955-1534646395fa5e.jpg,0,108,159,133,186
0104020-1522636820f754.jpg,0,221,153,255,189
0104043-1551580843c873.jpg,0,123,35,168,83
0104125-15285984852360.jpg,0,100,17,152,72
0104236-1528598556a511.jpg,0,116,186,161,234
0104304-153767058450b7.jpg,0,177,76,217,118
0104306-14970625869335.jpg,0,192,34,244,90
0104321-15200450014827.jpg,0,71,167,126,226
0104331-1502765011db8b.jpg,0,83,205,99,223
0104501-1538189101322c.jpg,0,28,130,43,146
0104545-1526265945d580.jpg,0,115,171,169,228
0104552-15027651527f6c.jpg,0,113,98,198,188
0104610-15226371704637.jpg,0,135,88,239,199
0104616-15140835761aa1.jpg,0,56,29,143,121
0104712-1502160432b593.jpg,0,47,135,120,213
0104740-1502419660eb12.jpg,0,115,47,159,94
0104743-152756206335ba.jpg,0,51,187,64,201
0104821-1526266101f878.jpg,0,156,131,252,233
0104933-15275621738f1e.jpg,0,163,181,234,256
0104937-15021605774f24.jpg,0,108,27,219,145
0104945-1506739785dbb7.jpg,0,130,140,157,169
0105004-152263740440a5.jpg,0,125,155,154,185
0105006-149706300629bc.jpg,0,112,61,221,177
0105014-1527216614cab8.jpg,0,81,59,200,185
0105030-150250623075d4.jpg,0,188,240,200,253
0105107-1527216667842c.jpg,0,37,87,91,144
0105140-1502247100be40.jpg,0,116,53,211,154
0105231-1527562351dafc.jpg,0,115,31,151,69
0105235-1503456755eace.jpg,0,7,194,59,249
0105309-1503802389e3a1.jpg,0,98,91,123,118
0105319-1502506399c3b1.jpg,0,108,132,129,155
0105423-1503802463da2c.jpg,0,6,57,101,158
0105507-1551322507d35f.jpg,0,172,60,228,120
0105600-1519700160ece1.jpg,0,135,43,184,95
0105617-154086817745c6.jpg,0,150,48,248,152
0105650-15098506104e93.jpg,0,234,13,250,30
0105755-1502679475b8db.jpg,0,174,18,192,37
0105809-1509850689e16f.jpg,0,23,14,36,28
0105955-151970039589d5.jpg,0,43,92,118,172
0110052-15098508527997.jpg,0,115,92,165,145
0110112-1535252472407b.jpg,0,22,120,92,194
0110206-15022477269694.jpg,0,52,219,75,243
0110319-1528426999c340.jpg,0,213,222,241,252
0110352-1527217432231f.jpg,0,117,203,144,232
0110400-1528427040daeb.jpg,0,169,143,254,234
0110403-15024206438307.jpg,0,76,7,113,47
0110404-152108304476cb.jpg,0,36,109,133,213
0110427-15262670673a8d.jpg,0,221,183,240,203
0110435-14971502752b4f.jpg,0,168,156,202,192
0110437-14933486773a0d.jpg,0,64,84,181,209
0110458-1527217498a041.jpg,0,3,116,103,222
0110624-15352527845eaa.jpg,0,151,36,210,99
0110731-15031984519fff.jpg,0,172,27,212,70
0110738-1511579258fab2.jpg,0,188,109,200,121
0110819-1544065699695a.jpg,0,204,26,253,79
0110831-1506740911dc82.jpg,0,201,109,230,140
0110924-15749969641a0a.jpg,0,113,53,150,93
0110929-150397616958b3.jpg,0,121,76,180,139
0110949-14982737890cb9.jpg,0,92,63,133,107
0110955-1572577795a8d1.jpg,0,39,81,59,102
0111053-1558321853e3b9.jpg,0,84,206,123,247
0111259-15237619794114.jpg,0,82,156,113,189
0111300-15039763804b2b.jpg,0,108,16,202,116
0111323-15021620034f40.jpg,0,86,141,123,181
0111337-1502680417df7e.jpg,0,198,176,228,208
0111340-1501989220408f.jpg,0,77,166,115,206
0111526-153525332658c7.jpg,0,11,126,88,208
0111553-15067413536222.jpg,0,184,209,208,235
0111729-1535253449e393.jpg,0,138,2,214,83
0111731-15235030515362.jpg,0,179,78,253,157
0111733-1543461453a8cc.jpg,0,208,170,222,185
0111851-1497237531d979.jpg,0,97,162,180,250
0111909-1530328749f422.jpg,0,153,107,224,182
0111933-15058775738f37.jpg,0,92,51,125,86
0111936-15352535764522.jpg,0,80,8,147,80
0111944-1505877584b83f.jpg,0,5,27,104,132
0111946-14970647868389.jpg,0,205,168,249,215
0112004-150691440403f2.jpg,0,16,40,112,142
0112023-15063096235423.jpg,0,88,120,174,211
0112051-1520911251ff81.jpg,0,156,82,192,120
0112102-15434616622b0f.jpg,0,41,135,107,205
0112117-15019896777633.jpg,0,224,172,240,189
0112117-1521775277be51.jpg,0,85,124,105,145
0112230-15402649502190.jpg,0,191,121,221,153
0112247-15222073670435.jpg,0,203,125,252,177
0112315-152263939559bd.jpg,0,157,91,199,136
0112321-15034586011088.jpg,0,46,51,86,94
0112322-1527218602fd8a.jpg,0,129,32,237,146
0112401-1530329041f787.jpg,0,67,59,157,155
0112418-1547522658a3e4.jpg,0,163,37,184,60
0112438-1540869878d4f9.jpg,0,213,117,228,134
0112445-1504149885e4d4.jpg,0,62,95,169,209
0112448-1545794688ffe8.jpg,0,130,229,148,248
0112502-1543461902b2cb.jpg,0,210,142,222,155
0112531-152091153111c2.jpg,0,83,161,161,244
0112543-149706514325bd.jpg,0,12,150,72,214
0112618-150198997877be.jpg,0,54,122,95,166
0112653-15069148137550.jpg,0,91,37,156,106
0112701-149723802121f1.jpg,0,99,63,180,149
0112725-1536118045030f.jpg,0,20,9,54,45
0112735-1526268455da4e.jpg,0,139,189,177,229
0112743-1497065263e16c.jpg,0,43,103,152,219
0112800-152220768044f2.jpg,0,33,23,83,76
0112835-1503199715e9d1.jpg,0,32,25,66,61
0112855-15256637351153.jpg,0,57,31,160,140
0112909-153525414948e9.jpg,0,190,173,230,215
0112922-1504495762f7b3.jpg,0,150,22,164,37
0112955-1501990195f4ba.jpg,0,82,17,162,102
0113015-1521775815d7af.jpg,0,115,154,209,253
0113126-1521775886dfd9.jpg,0,171,217,186,233
0113205-1543462325038b.jpg,0,139,35,168,66
0113235-15069151554155.jpg,0,61,52,90,82
0113302-1497065582678a.jpg,0,78,129,114,168
0113304-1504495984a26a.jpg,0,38,166,90,222
0113307-1503545587b280.jpg,0,108,4,152,50
0113313-1497238393dc79.jpg,0,156,15,249,114
0113320-150320000083cc.jpg,0,31,93,136,205
0113321-1540265601642e.jpg,0,19,104,135,228
0113321-15434624017c27.jpg,0,103,153,179,234
0113342-1528428822cf13.jpg,0,145,173,205,237
0113446-1492745686c4de.jpg,0,203,75,234,108
0113449-152842888969a9.jpg,0,21,178,74,234
0113512-1547782512cfd4.jpg,0,120,121,221,228
0113529-149706572918fb.jpg,0,22,133,43,156
0113606-1538624166f3ee.jpg,0,154,144,170,161
0113608-1501990568da52.jpg,0,192,185,220,215
0113713-15060514335a14.jpg,0,87,216,118,249
0113715-1522640235cb3a.jpg,0,154,80,171,99
0113725-1532921845478c.jpg,0,40,76,136,178
0113757-1529465877d79a.jpg,0,45,27,144,132
0113822-15262691026dd6.jpg,0,90,17,148,79
0113859-1532921939dd60.jpg,0,118,74,209,171
0113900-15209123407ae1.jpg,0,81,20,104,45
0113906-1499830746503f.jpg,0,187,106,248,170
0113944-15294659843721.jpg,0,28,74,52,99
0113958-1535254798fc1c.jpg,0,80,67,127,117
0114021-15279972211872.jpg,0,5,141,33,171
0114036-1543462836c2c5.jpg,0,4,31,82,114
0114050-15019908502381.jpg,0,81,88,184,197
0114121-1528429281d667.jpg,0,19,138,82,205
0114137-150449649775c1.jpg,0,58,53,109,107
0114142-1505878902a6f5.jpg,0,118,94,175,155
0114151-1526269311c7bd.jpg,0,75,137,114,179
0114156-1529466116ec80.jpg,0,92,100,145,156
0114244-153292216443d1.jpg,0,109,72,134,99
0114251-1534218171b2f4.jpg,0,195,161,212,179
0114324-15238502046749.jpg,0,178,73,203,100
0114329-1523763809f25f.jpg,0,101,40,194,138
0114338-15031142189726.jpg,0,4,168,17,182
0114341-153421822127fc.jpg,0,32,79,68,117
0114423-1501991063a778.jpg,0,140,39,225,129
0114432-153292227243f3.jpg,0,187,47,227,89
0114544-1527997544b211.jpg,0,31,22,55,47
0114658-1506570418e9d7.jpg,0,19,177,47,207
0114713-15934888334c35.jpg,0,145,18,219,96
0114745-15475240650d1a.jpg,0,98,80,137,122
0114804-15264424846b82.jpg,0,28,30,101,108
0114817-15031144973629.jpg,0,107,200,137,232
0114825-1526269705f270.jpg,0,187,149,256,222
0114825-1593488905d1ea.jpg,0,20,131,129,247
0114836-1515815316ca3c.jpg,0,184,153,219,190
0114837-1501991317d9ba.jpg,0,128,142,193,211
0114840-15032873207a7c.jpg,0,99,92,164,161
0114921-15044969616b1e.jpg,0,73,126,139,196
0114936-15934889768f26.jpg,0,129,120,148,140
0114944-15475241843fe1.jpg,0,186,92,242,151
0114948-1532922588545e.jpg,0,170,48,239,121
0115050-1521085850416e.jpg,0,162,17,228,87
0115058-152376425849fc.jpg,0,9,60,114,172
0115211-15934891314c91.jpg,0,131,125,208,206
0115229-15044971490037.jpg,0,141,199,176,237
0115300-1505879580192c.jpg,0,2,153,88,244
0115315-1528516395a616.jpg,0,176,47,205,78
0115346-163643002623ab.jpg,0,47,117,166,243
0115350-1593489230d706.jpg,0,171,67,231,130
0115404-1468036444e8b2.jpg,0,57,101,88,134
0115442-1519703682f694.jpg,0,217,60,229,72
0115513-163643011357ed.jpg,0,109,149,169,213
0115549-15026829496b70.jpg,0,206,142,222,159
0115602-152843016201a3.jpg,0,20,194,39,215
0115619-1636430179ad79.jpg,0,90,144,160,219
0115644-152799820488ca.jpg,0,66,4,138,81
0115656-1526443016c57f.jpg,0,86,151,108,175
0115705-163643022563ea.jpg,0,70,78,123,135
0115728-1636430248e8c8.jpg,0,61,197,116,256
0115733-1497239853a2db.jpg,0,143,43,157,58
0115817-1521086297d076.jpg,0,195,67,211,84
0115910-1473566350d148.jpg,0,188,148,216,178
0115917-152799835777a2.jpg,0,109,62,172,129
0115959-15779375994b0a.jpg,0,72,32,177,144
0120009-15044976098c57.jpg,0,172,64,185,78
0120100-1516680060f4fe.jpg,0,73,18,144,94
0120108-15044976681b92.jpg,0,153,83,234,170
0120151-153681131128cf.jpg,0,20,149,84,217
0120155-15777649154123.jpg,0,35,3,70,40
0120208-1526443328986f.jpg,0,67,3,134,74
0120212-1518667332e4b7.jpg,0,237,227,253,244
0120315-15044977954454.jpg,0,63,47,143,132
0120814-1536811694afe1.jpg,0,140,42,161,64
0120907-15250613470bc8.jpg,0,95,82,122,111
0120919-1528344559b84d.jpg,0,172,13,234,79
0120923-150233816336b9.jpg,0,119,18,223,128
0120928-1509854968face.jpg,0,87,102,198,221
0121117-1533183077ae5b.jpg,0,17,126,120,236
0121135-1525061495ef46.jpg,0,138,30,254,154
0121302-15326647824571.jpg,0,104,188,134,220
0121306-151866798634dd.jpg,0,102,203,121,224
0121428-1501992868a212.jpg,0,150,12,239,107
0121531-15297273313600.jpg,0,2,123,62,187
0121604-1588997764ded0.jpg,0,120,141,168,192
0121648-1523938608df2e.jpg,0,196,37,252,97
0121654-1559967414b471.jpg,0,57,115,74,134
0121714-1531887434d8d1.jpg,0,145,82,208,149
0121725-15115834455b4a.jpg,0,209,50,245,88
0121746-1521087466c981.jpg,0,8,59,36,89
0121810-152834509030d2.jpg,0,94,176,123,206
0121826-1531887506433d.jpg,0,19,135,51,169
0121851-1501993131aea2.jpg,0,99,84,181,171
0121926-1529727566e7da.jpg,0,132,59,222,155
0121940-150691798036f3.jpg,0,48,60,115,131
0122003-15889980039869.jpg,0,130,48,201,123
0122045-15031164450c80.jpg,0,203,164,240,204
0122103-1535862063e3f3.jpg,0,122,169,157,206
0122145-1503202905cf8b.jpg,0,97,101,184,194
0122247-158899816771bb.jpg,0,129,84,146,103
0122337-1542169417cb26.jpg,0,194,138,214,159
0122349-15331838299ca3.jpg,0,96,7,112,24
0122357-15019934374bf6.jpg,0,0,26,73,104
0122449-1482121489f8c7.jpg,0,127,21,198,96
0122507-15004383076a83.jpg,0,157,183,204,233
0122518-1559967918c8b9.jpg,0,72,191,105,226
0122536-1578543936eba9.jpg,0,136,164,208,240
0122558-1542169558985c.jpg,0,174,161,249,240
0122607-15326655678ce3.jpg,0,72,170,125,226
0122611-1529123171abf7.jpg,0,117,146,188,221
0122723-1503203243e91c.jpg,0,107,57,203,159
0122758-15217792780f9c.jpg,0,147,131,194,181
0122827-1501993707123e.jpg,0,95,123,143,174
0122913-15032033531ea5.jpg,0,9,141,65,200
0123015-15354306157649.jpg,0,35,10,83,61
0123024-152108822476b6.jpg,0,201,203,236,240
0123029-1545539429f8fe.jpg,0,89,113,106,131
0123047-1503117047f2f5.jpg,0,95,63,209,184
0123126-15032034869584.jpg,0,40,172,89,224
0123154-1523939514dfca.jpg,0,211,123,233,147
0123323-15032036039660.jpg,0,219,192,249,223
0123328-14963780088f55.jpg,0,131,183,172,226
0123348-15217796285c36.jpg,0,197,156,212,172
0123506-15019941065366.jpg,0,36,133,66,165
0123534-1521779734329a.jpg,0,99,151,174,231
0123628-15031173885a61.jpg,0,62,173,136,252
0123822-1510115902e2e9.jpg,0,130,198,159,229
0123842-1503203922f4ee.jpg,0,110,190,144,226
0123945-14969831856c4d.jpg,0,78,138,177,243
0123958-1521779998ea46.jpg,0,129,109,150,131
0124044-15204840446421.jpg,0,67,203,81,217
0124305-14918857852bbe.jpg,0,135,29,185,83
0124313-1528951393fc8f.jpg,0,39,131,81,176
0124318-15019945987500.jpg,0,12,80,62,133
0124328-1521780208d600.jpg,0,223,224,250,252
0124752-1491886072506d.jpg,0,89,49,196,163
0124803-15217804838b17.jpg,0,176,184,227,238
0125045-14916270451a3f.jpg,0,123,13,167,60
0125121-1504500681e144.jpg,0,126,118,213,211
0125316-1497243196c36b.jpg,0,74,19,119,67
0125323-1502340803682f.jpg,0,225,66,247,90
0125344-1521867224ba65.jpg,0,20,186,82,252
0125411-1503723251fbed.jpg,0,82,69,177,170
0125439-1507524879b77f.jpg,0,144,7,178,44
0125639-1503550599828b.jpg,0,55,38,140,129
0125710-1502341030f162.jpg,0,51,69,76,96
0125736-1501995456455d.jpg,0,53,113,109,173
0130258-15250645784014.jpg,0,111,132,144,168
0130311-149741659108f4.jpg,0,29,196,71,241
0130352-15171158321597.jpg,0,139,8,156,26
0130408-1501995848fbc0.jpg,0,52,67,66,82
0130821-1503205701784f.jpg,0,181,131,205,156
0130921-1521781761ea94.jpg,0,145,85,212,156
0131208-15069211287464.jpg,0,35,93,140,204
0131342-1506921222a94c.jpg,0,100,125,196,228
0131729-15186718499023.jpg,0,57,1,138,87
0131815-15136606954d3a.jpg,0,40,160,106,230
0132537-15171171370836.jpg,0,35,11,86,66
0132953-150372539359ee.jpg,0,58,13,77,33
0133239-1502343159ff9b.jpg,0,54,20,131,102
0133331-150372561100c1.jpg,0,51,64,130,148
0133451-1507527291794c.jpg,0,163,167,207,214
0140357-15033818372718.jpg,0,108,81,152,128
0140411-1503727451b3a1.jpg,0,5,126,75,200
0141323-15064064030cd2.jpg,0,94,97,175,183
0141503-1509257703bb48.jpg,0,145,14,172,43
0141621-150338258158d1.jpg,0,203,75,245,120
0141947-1503382787c45a.jpg,0,74,173,98,199
0142102-15070116624e3f.jpg,0,158,114,179,136
0142236-1503382956cf79.jpg,0,123,0,163,43
0143018-1503383418acd7.jpg,0,146,2,162,19
0143201-1507012321a825.jpg,0,97,42,183,134
0143310-15046795906ae4.jpg,0,103,160,190,252
0143650-15033838102db4.jpg,0,81,16,103,40
0143818-15039886985062.jpg,0,92,34,192,140
0143845-1506062325a963.jpg,0,62,198,79,216
0143916-1506753556050a.jpg,0,181,156,219,196
0144029-1507012829fa14.jpg,0,78,7,116,48
0144344-150606262445a5.jpg,0,156,80,234,163
0144515-1506753915c503.jpg,0,126,202,174,253
0144638-15014835985ab4.jpg,0,149,98,179,129
0144652-15138388128690.jpg,0,19,72,116,175
0144712-15064084324617.jpg,0,85,141,160,221
0144832-15356117122bbf.jpg,0,148,55,248,162
0145038-150718623882ae.jpg,0,90,168,118,198
0145101-1506063061b9ac.jpg,0,57,145,140,233
0145130-15039894907566.jpg,0,49,133,118,207
0145259-15064087790d06.jpg,0,141,178,193,234
0145342-1487746422c23b.jpg,0,150,103,245,204
0145635-15098649951fed.jpg,0,3,92,44,136
0145650-15039898106eaf.jpg,0,36,112,63,141
0145658-1510988218d25d.jpg,0,134,110,209,190
0145829-15109883099557.jpg,0,118,26,152,62
0145852-1518245932a12e.jpg,0,64,7,91,35
0145859-15060635399c0c.jpg,0,39,169,102,236
0150020-1510988420f605.jpg,0,199,77,217,96
0150022-1506409222f769.jpg,0,16,143,100,233
0150131-150977889183ae.jpg,0,61,73,87,101
0150217-16429213378751.jpg,0,179,14,193,29
0150406-15071870465282.jpg,0,7,80,100,179
0150554-15060639542325.jpg,0,152,60,193,104
0150645-149984320536e4.jpg,0,70,57,146,137
0150722-15097792422922.jpg,0,1,180,51,233
0150839-15117665199b6d.jpg,0,71,77,123,132
0150928-15096065682852.jpg,0,96,162,132,201
0151020-1540278620967e.jpg,0,49,65,166,189
0151056-15285282562056.jpg,0,92,180,163,256
0151127-1499238687cba5.jpg,0,176,116,216,159
0151143-15096067036f4b.jpg,0,204,31,232,61
0151313-15234307937ba2.jpg,0,98,77,144,126
0151343-14997572231f71.jpg,0,21,124,51,156
0151439-1508742879b397.jpg,0,24,114,63,155
0151454-15140996948bd1.jpg,0,101,53,149,104
0151558-15071877587db4.jpg,0,193,173,235,218
0151716-1545981436d41d.jpg,0,67,29,130,96
0151823-15097799037d94.jpg,0,165,183,178,197
0151853-1540279133c0ee.jpg,0,45,139,128,227
0151919-1507533559a1a7.jpg,0,20,76,93,153
0151927-1517815167e78f.jpg,0,93,187,110,206
0151934-1548487174ce22.jpg,0,30,11,93,78
0152012-150468241242e7.jpg,0,47,77,120,155
0152027-1506669627be78.jpg,0,135,112,173,152
0152033-1517815233e8eb.jpg,0,32,7,47,23
0152110-150546007057aa.jpg,0,17,115,104,208
0152124-14972520840841.jpg,0,67,173,121,230
0152154-15178153145f30.jpg,0,61,137,122,202
0152201-1548487321141c.jpg,0,165,17,240,97
0152214-1506064934eb38.jpg,0,116,31,151,68
0152329-1523431409f255.jpg,0,197,122,242,170
0152350-1507533830ba74.jpg,0,116,201,149,236
0152426-149811626697a3.jpg,0,48,44,94,93
0152433-150831147320b1.jpg,0,19,204,35,221
0152435-1512717875bc40.jpg,0,22,146,95,224
0152535-15130635356222.jpg,0,41,8,55,23
0152546-14972523466b79.jpg,0,70,25,162,123
0152602-150874356244de.jpg,0,228,116,241,130
0152713-1553844433df82.jpg,0,105,42,192,135
0152725-1497252445817e.jpg,0,53,62,100,112
0152726-15097804461afe.jpg,0,15,37,64,89
0152742-15045100627218.jpg,0,205,205,223,224
0152902-1514100542e934.jpg,0,27,110,81,167
0152957-1506410997e59f.jpg,0,21,111,132,229
0153003-1548487803ad4f.jpg,0,63,67,91,96
0153101-1508311861987a.jpg,0,160,29,246,121
0153117-1508743877be49.jpg,0,85,97,143,159
0153308-1497252788aa72.jpg,0,62,128,145,216
0153336-15097808168ecd.jpg,0,59,87,83,112
0153347-15285296277b44.jpg,0,36,218,58,241
0153414-14670128546dbf.jpg,0,22,137,84,203
0153434-1504942474ff6b.jpg,0,101,94,212,212
0153500-1497252900dd7a.jpg,0,117,188,129,201
0153639-1542008199929f.jpg,0,118,74,183,143
0153718-1531553838543b.jpg,0,38,84,65,113
0153735-152818425588d0.jpg,0,138,137,240,245
0153809-1556177889ce6b.jpg,0,73,28,116,74
0153831-15315539116156.jpg,0,41,158,111,233
0153846-1614843526bb70.jpg,0,13,47,116,157
0153918-1509781158ae35.jpg,0,224,169,247,193
0154017-15250740176369.jpg,0,151,104,214,171
0154056-151029965650fc.jpg,0,58,174,101,219
0154118-14974260784068.jpg,0,6,161,74,233
0154125-16570068852c22.jpg,0,46,82,88,127
0154152-151029971288d7.jpg,0,18,127,42,152
0154153-149725331343be.jpg,0,143,36,246,145
0154203-15306037238504.jpg,0,29,120,119,216
0154331-1521877411a6da.jpg,0,202,99,250,150
0154416-1504511056a4a2.jpg,0,185,36,211,63
0154416-15250742564997.jpg,0,79,124,151,201
0154418-1497426258b0bf.jpg,0,77,201,118,245
0154446-1507189486c0d7.jpg,0,97,86,203,199
0154527-1514101527bd39.jpg,0,186,180,235,232
0154542-15047703427c41.jpg,0,35,143,86,198
0154548-1501227948b99a.jpg,0,96,161,158,227
0154549-1519717549252d.jpg,0,36,144,76,187
0154624-1511423184ce1b.jpg,0,128,97,222,197
0154627-15234327873cfc.jpg,0,8,164,64,223
0154639-1548488799e623.jpg,0,33,157,72,199
0154708-15047704286796.jpg,0,92,182,111,202
0154716-1501487236d2da.jpg,0,8,161,45,200
0154815-15083128958f1f.jpg,0,162,39,235,116
0154821-15029561019310.jpg,0,62,112,92,144
0154901-1497253741a0dd.jpg,0,40,112,94,170
0154923-155384576397bb.jpg,0,100,56,179,140
0155001-150451140162c6.jpg,0,143,98,227,188
0155049-15281850497321.jpg,0,91,36,168,117
0155055-1513324255c8d9.jpg,0,163,166,186,190
0155057-1493711457c7c3.jpg,0,1,69,18,87
0155104-15484890647558.jpg,0,164,58,253,153
0155223-1526975543ab48.jpg,0,57,57,142,147
0155248-152300116809c5.jpg,0,125,78,182,139
0155302-1474876382c65d.jpg,0,73,52,157,142
0155330-1504943610c4f2.jpg,0,155,61,191,99
0155350-15226556308fa5.jpg,0,184,106,244,170
0155353-15045116338702.jpg,0,73,65,189,188
0155401-15538460414a03.jpg,0,24,68,109,159
0155416-1550390056b105.jpg,0,172,138,228,197
0155514-15230013141763.jpg,0,219,37,254,75
0155516-15286173168c4e.jpg,0,34,1,131,104
0155547-14988957473408.jpg,0,72,50,147,130
0155551-14928477519ad8.jpg,0,93,127,172,212
0155716-1521878236bd2a.jpg,0,71,74,126,132
0155719-15045118396146.jpg,0,203,90,232,121
0155725-1507190245d6c7.jpg,0,138,118,153,134
0155732-15239518525ffe.jpg,0,34,135,90,195
0155741-16567486617abe.jpg,0,188,55,256,128
0155815-1499673495cf46.jpg,0,130,135,199,208
0155815-15029566957391.jpg,0,141,18,250,134
0155818-1506585498eb19.jpg,0,80,133,124,180
0155820-1503907100ee00.jpg,0,202,122,229,151
0155835-15286175151a0e.jpg,0,65,229,90,256
0155917-15204095571c76.jpg,0,196,72,210,87
0160001-14972544019492.jpg,0,58,47,93,85
0160017-14748768173846.jpg,0,53,162,137,252
0160053-15226560535437.jpg,0,28,28,74,77
0160109-1525075269fe47.jpg,0,107,180,153,229
0160129-1497254489d408.jpg,0,38,58,81,104
0160259-15065857793343.jpg,0,58,171,89,204
0160308-150546258895e6.jpg,0,142,80,173,112
0160313-15404545938be5.jpg,0,20,110,39,130
0160323-1502957003c881.jpg,0,39,90,86,140
0160326-1513670606e377.jpg,0,143,31,155,43
0160352-15064130321a82.jpg,0,47,37,65,56
0160413-15250754538c21.jpg,0,33,180,72,222
0160425-15045122651c54.jpg,0,79,100,93,115
0160547-15058947477af0.jpg,0,75,48,123,99
0160549-1511683549ac94.jpg,0,27,108,97,183
0160559-15533283595dd5.jpg,0,141,126,159,145
0160606-1523952366415f.jpg,0,78,126,92,141
0160707-150295722791ff.jpg,0,57,10,148,107
0160729-149284844981f0.jpg,0,90,160,159,233
0160805-1506067685f3d3.jpg,0,36,23,145,139
0160831-15218789113761.jpg,0,186,151,252,221
0160832-15045125122304.jpg,0,165,46,243,129
0160948-1502525388d799.jpg,0,68,166,126,228
0161011-150779581128f2.jpg,0,164,36,179,52
0161157-15239527179b60.jpg,0,187,21,209,44
0161232-1504512752ef03.jpg,0,60,18,145,109
0161239-1519200759a48f.jpg,0,78,158,94,175
0161355-1496477635ce2a.jpg,0,32,67,77,115
0161359-1507796039b831.jpg,0,70,0,183,120
0161413-1502957653e4e3.jpg,0,81,95,170,190
0161431-1520496871ca63.jpg,0,59,44,176,169
0161456-146753369603c1.jpg,0,169,225,194,251
0161506-1523002506c489.jpg,0,105,79,138,114
0161548-1523952948ed98.jpg,0,101,33,183,121
0161618-15230025786baf.jpg,0,107,203,152,251
0161651-146787941129eb.jpg,0,140,57,242,165
0161715-15192010352078.jpg,0,7,102,81,180
0161742-15029578629e78.jpg,0,196,152,220,177
0161828-15209291083e60.jpg,0,59,94,163,204
0161831-1518682711da85.jpg,0,148,101,234,193
0161932-14970827722214.jpg,0,210,159,239,189
0161934-15192011748d36.jpg,0,12,109,59,159
0161934-15239531749465.jpg,0,49,74,139,170
0162012-15289644122b7f.jpg,0,161,168,183,192
0162054-152300285400c0.jpg,0,143,68,244,176
0162136-1527927696c3bc.jpg,0,150,74,188,114
0162157-14970829173df7.jpg,0,136,133,167,166
0162204-15065869246c97.jpg,0,161,138,245,227
0162325-15503918050855.jpg,0,70,188,119,241
0162340-1528187020ee48.jpg,0,209,150,248,191
0162344-1552379024d5a2.jpg,0,72,178,116,225
0162409-1523953449463b.jpg,0,143,53,240,156
0162421-15591182610536.jpg,0,59,164,95,202
0162441-15071918816cb8.jpg,0,53,149,105,205
0162455-1523435095761d.jpg,0,159,172,230,248
0162506-152758230631bf.jpg,0,92,190,115,214
0162511-15230031116bd4.jpg,0,45,22,60,38
0162519-15226575192cb6.jpg,0,168,71,244,152
0162525-1505291125e9b8.jpg,0,137,185,196,248
0162606-15045135660afc.jpg,0,129,24,225,126
0162619-1467534379f211.jpg,0,190,10,208,29
0162622-14963919821bac.jpg,0,76,62,176,168
0162631-15750159912561.jpg,0,76,220,98,244
0162639-15194607997f30.jpg,0,39,78,125,169
0162652-15281872129ad6.jpg,0,157,56,240,144
0162700-14970832205b13.jpg,0,27,58,110,146
0162718-15029584385781.jpg,0,27,3,121,103
0162750-15058096708859.jpg,0,38,2,150,121
0162815-15043408950ab3.jpg,0,32,200,72,242
0162834-152092971406fe.jpg,0,32,183,65,218
0162834-15297425145b05.jpg,0,93,39,117,64
0162935-1521880175e49d.jpg,0,143,1,188,49
0163001-15479730019e58.jpg,0,14,11,27,25
0163041-1501489841ad4f.jpg,0,118,98,218,204
0163048-152473144877cc.jpg,0,79,75,176,178
0163114-1524904274dd78.jpg,0,155,44,227,121
0163238-1507278758b28e.jpg,0,2,118,105,227
0163310-1505464390d62b.jpg,0,146,175,165,195
0163319-1524731599f6c3.jpg,0,116,91,174,153
0163322-152490440242d7.jpg,0,14,145,48,181
0163440-14973428808ec3.jpg,0,37,128,142,239
0163523-15027861235302.jpg,0,155,155,244,250
0163525-1529742925d533.jpg,0,10,17,88,100
0163559-1531125359156f.jpg,0,110,32,207,135
0163600-1521794160f0b7.jpg,0,183,154,225,199
0163625-15052053855e46.jpg,0,17,203,64,253
0163626-153406298641dd.jpg,0,91,84,108,102
0163639-1505896599d19e.jpg,0,40,131,52,144
0163726-1505810246f12f.jpg,0,29,75,122,174
0163727-1519029447862b.jpg,0,128,78,148,100
0163732-15029590523c2b.jpg,0,189,222,204,238
0163753-1523003873b007.jpg,0,8,142,113,253
0163804-1504946284247b.jpg,0,102,139,157,197
0163806-1570264686e1ed.jpg,0,160,43,256,145
0163818-15083158987546.jpg,0,12,9,95,98
0163824-152974310491a7.jpg,0,34,1,141,114
0163825-151116710571f4.jpg,0,162,154,238,235
0163838-1497343118c238.jpg,0,73,136,168,237
0163919-1526978359edda.jpg,0,90,156,131,199
0163933-1534063173841c.jpg,0,38,71,50,84
0164002-1520930402ad8e.jpg,0,81,151,133,206
0164007-1499848807a631.jpg,0,32,141,55,166
0164118-1515573678fb2e.jpg,0,2,94,33,127
0164119-1638434479e3be.jpg,0,87,119,203,243
0164125-14973432854afa.jpg,0,137,179,206,253
0164207-15208441277c9e.jpg,0,170,188,205,226
0164210-15209305305ddd.jpg,0,153,36,253,143
0164215-1504428135bd1e.jpg,0,81,16,126,64
0164221-1503477741c19d.jpg,0,48,124,70,147
0164246-16570105661570.jpg,0,137,151,177,194
0164301-15043417814106.jpg,0,133,180,158,207
0164307-1550479387ff23.jpg,0,113,129,144,162
0164310-1509352990d606.jpg,0,143,158,182,199
0164318-1501749798563d.jpg,0,57,68,80,92
0164347-15037370271a1c.jpg,0,224,132,241,151
0164353-15217946338c96.jpg,0,68,13,102,49
0164358-15209306386e6b.jpg,0,139,49,161,73
0164421-152982986116b0.jpg,0,25,9,57,43
0164446-1656751486644f.jpg,0,109,72,139,104
0164459-1611909899d7d4.jpg,0,7,35,74,106
0164547-154166674724aa.jpg,0,145,44,225,129
0164551-15268923511266.jpg,0,85,2,204,128
0164608-1499762768af67.jpg,0,169,100,250,186
0164638-1497084398515e.jpg,0,30,21,103,99
0164727-1526892447cee3.jpg,0,117,23,176,86
0164729-16119100497794.jpg,0,130,4,183,60
0164735-15281884558d7a.jpg,0,165,15,253,109
0164759-1520758079a778.jpg,0,146,118,163,136
0164806-15535900861705.jpg,0,164,0,216,55
0164812-16119100927f2a.jpg,0,122,12,150,42
0164826-1527929306bd53.jpg,0,110,202,155,250
0164840-1541666920b5c8.jpg,0,82,30,105,54
0164847-1506588527fae8.jpg,0,62,72,174,191
0164858-15230045385808.jpg,0,131,157,202,232
0164912-149889895249fa.jpg,0,201,91,216,107
0164924-16522589644ed8.jpg,0,14,22,63,74
0164924-1657010964eabe.jpg,0,49,9,112,76
0164936-1611910176bff5.jpg,0,116,124,176,188
0164942-15093533824268.jpg,0,134,92,194,156
0164943-1504342183144d.jpg,0,169,104,230,169
0164944-15281885848c1c.jpg,0,139,129,210,204
0165043-15311262431eaa.jpg,0,50,53,81,86
0165109-16522590695e8c.jpg,0,10,147,106,249
0165124-1507798284f510.jpg,0,25,44,120,145
0165253-15254239733be7.jpg,0,33,160,82,213
0165429-15050336691f48.jpg,0,67,112,183,236
0165517-152093131700ed.jpg,0,100,50,152,105
0165540-15029601404c96.jpg,0,174,96,247,174
0165545-151116814540ef.jpg,0,29,75,91,141
0165557-1527929757fe69.jpg,0,158,90,226,162
0165610-1523350570a217.jpg,0,139,145,195,204
0165653-1525424213f3c2.jpg,0,132,123,160,153
0165847-1515574727da75.jpg,0,31,104,118,196
0165905-15275843455675.jpg,0,134,96,198,164
0165914-1520931554a9e5.jpg,0,13,4,122,119
0165936-1508317176775f.jpg,0,189,11,245,71
0170009-15226596095558.jpg,0,150,124,238,218
0170045-1520931645be1b.jpg,0,10,20,49,61
0170104-16570116648fbc.jpg,0,42,28,136,128
0170105-1502960465cf39.jpg,0,99,70,156,131
0170135-1525424495ea6a.jpg,0,64,204,98,240
0170157-152335091706a6.jpg,0,108,185,138,217
0170231-15042565514b54.jpg,0,136,216,165,247
0170304-1521795784008e.jpg,0,144,195,166,218
0170341-15534182211404.jpg,0,107,85,183,166
0170353-1501491833bddc.jpg,0,14,135,50,174
0170435-1509527075c3fe.jpg,0,198,34,210,47
0170455-149985029599a5.jpg,0,139,21,255,145
0170523-1511168723f890.jpg,0,89,71,183,171
0170611-1523351171986b.jpg,0,162,169,217,228
0170620-1522659980dd25.jpg,0,193,104,232,145
0170622-15254247824212.jpg,0,20,68,85,137
0170635-15092679953c49.jpg,0,163,181,176,194
0170717-15087496376733.jpg,0,36,91,125,186
0170752-151142807270fa.jpg,0,118,20,210,118
0170828-1510304908ca7f.jpg,0,160,119,200,161
0170854-1502960934c3f7.jpg,0,192,151,241,203
0170912-1537693752ace9.jpg,0,63,8,80,26
0170928-15534185685fa8.jpg,0,139,217,152,231
0170952-1579338592a802.jpg,0,62,148,150,242
0171000-1510305000e371.jpg,0,144,34,162,53
0171020-152179622051d1.jpg,0,134,75,195,140
0171023-15219690237f1d.jpg,0,30,122,49,142
0171046-149890024661b7.jpg,0,151,130,179,160
0171132-1527585092627e.jpg,0,35,178,47,191
0171145-15033931051c95.jpg,0,35,36,88,92
0171214-151920433457fc.jpg,0,161,67,225,135
0171218-151142833810e1.jpg,0,111,49,188,131
0171311-1527585191d6d7.jpg,0,119,48,159,91
0171410-1511428450dd21.jpg,0,3,62,57,119
0171543-1522660543001f.jpg,0,156,55,231,134
0171644-1521796604660e.jpg,0,170,27,189,48
0171654-1511342214e5ff.jpg,0,105,48,188,136
0171724-1509873444e643.jpg,0,225,31,251,59
0171727-15376942470090.jpg,0,204,226,218,241
0171754-1580462274131b.jpg,0,31,80,79,131
0171856-15113423368263.jpg,0,9,181,33,207
0171903-1531127943a314.jpg,0,80,101,158,184
0171928-1537694368e8e7.jpg,0,113,92,194,178
0172103-1522660863dde4.jpg,0,140,76,153,90
0172150-1521796910a15a.jpg,0,96,126,171,206
0172159-15533329199cb2.jpg,0,181,192,230,244
0172209-150460332908da.jpg,0,3,33,79,114
0172301-1501492981a786.jpg,0,99,43,181,130
0172318-15219697986ee5.jpg,0,150,98,178,128
0172332-150477621274f3.jpg,0,138,15,202,83
0172537-1519205137d48b.jpg,0,38,162,119,248
0172538-1618824338c7c2.jpg,0,33,76,72,117
0172707-1528190827f1e8.jpg,0,160,39,198,79
0172840-15233525208b16.jpg,0,111,35,131,57
0172857-15510869374d3b.jpg,0,5,153,72,224
0172907-16188245474148.jpg,0,119,58,228,174
0172925-15279317654c6d.jpg,0,109,148,174,217
0172954-15192053948b91.jpg,0,51,98,126,178
0173015-1500802215d750.jpg,0,196,216,224,245
0173015-1521797415e73a.jpg,0,129,104,223,204
0173101-15098742610b45.jpg,0,138,106,195,167
0173143-1538559103d1d2.jpg,0,135,97,245,214
0173216-150952873642cf.jpg,0,151,195,167,212
0173257-1521970377fb9b.jpg,0,163,21,207,67
0173318-15217975984a91.jpg,0,124,106,208,196
0173426-15036536662111.jpg,0,81,64,157,145
0173617-15092697774d95.jpg,0,57,110,129,187
0173620-1537695380f3b5.jpg,0,215,62,246,95
0173635-1472981795cb7b.jpg,0,89,137,112,162
0173731-15205018518854.jpg,0,46,124,162,248
0173732-1509874652ef72.jpg,0,114,69,229,192
0173744-1546249064632e.jpg,0,85,232,99,247
0173748-150926986841b0.jpg,0,195,221,216,244
0173806-14984698862ea6.jpg,0,48,37,129,123
0173825-1529487505f2d4.jpg,0,70,57,121,111
0173837-14729819176c69.jpg,0,109,112,130,134
0173849-1529746729015a.jpg,0,172,226,196,252
0173924-1521970764c8fa.jpg,0,136,43,188,99
0174046-15294876467800.jpg,0,16,127,51,165
0174111-15007164719bc4.jpg,0,93,3,148,62
0174111-1529746871d839.jpg,0,139,68,155,85
0174144-15078013043e01.jpg,0,215,149,232,167
0174222-1533807742d2c0.jpg,0,219,65,234,81
0174234-1523353354e82c.jpg,0,57,29,114,90
0174317-152197099786bf.jpg,0,87,17,172,108
0174336-1495791816c5aa.jpg,0,78,134,105,163
0174406-150952944620ab.jpg,0,82,120,193,238
0174431-14970878712e41.jpg,0,34,147,100,218
0174500-1503654300213b.jpg,0,218,105,241,129
0174534-1507196734b2f0.jpg,0,71,89,164,188
0174550-15014943505663.jpg,0,90,128,199,244
0174601-15338079613237.jpg,0,155,149,212,210
0174614-150391357431c6.jpg,0,37,92,155,217
0174614-1523353574ca19.jpg,0,28,57,143,180
0174721-15548896413f5f.jpg,0,218,58,232,73
0174753-15315616735d64.jpg,0,51,117,131,203
0174811-15233536911f5a.jpg,0,237,59,250,73
0174855-14970881351957.jpg,0,56,63,158,172
0174918-15020129582087.jpg,0,156,54,205,106
0174951-1503654591d930.jpg,0,14,2,36,25
0175000-1503913800d872.jpg,0,53,118,74,140
0175137-14989890973ef5.jpg,0,116,22,232,145
0175156-15315619163752.jpg,0,116,138,146,170
0175158-15012355188fde.jpg,0,160,135,174,150
0175204-1518083524c1d4.jpg,0,4,12,60,72
0175223-1505641943abcf.jpg,0,63,121,131,193
0175312-1531561992fb44.jpg,0,59,56,72,69
0175345-1505642025469f.jpg,0,34,180,73,222
0175415-15157508552038.jpg,0,12,123,95,212
0175432-15570500721ee7.jpg,0,91,183,105,198
0175540-1613469340130b.jpg,0,17,122,87,196
0175550-15311301504109.jpg,0,113,96,227,217
0175642-1506679002ad03.jpg,0,133,131,169,170
0175714-15036550347107.jpg,0,105,84,159,141
0175800-1536487080003e.jpg,0,163,2,247,91
0175825-15192071052947.jpg,0,171,101,215,147
0175838-151765191814cc.jpg,0,146,3,171,29
0175954-1503655194a786.jpg,0,96,44,211,167
0180006-15046056062921.jpg,0,24,177,43,197
0180012-1526983212e40e.jpg,0,104,106,191,198
0180028-15570504283944.jpg,0,119,124,155,162
0180102-1507197662dda8.jpg,0,122,3,167,51
0180231-1521799351f335.jpg,0,40,98,63,122
0180254-15060745745283.jpg,0,66,158,110,205
0180330-15071978107ccf.jpg,0,11,129,103,227
0180342-1546682622077d.jpg,0,35,68,85,121
0180437-150201387750a5.jpg,0,108,60,196,153
0180443-1523786683938c.jpg,0,101,148,179,231
0180540-15192075400a0c.jpg,0,88,63,157,137
0180552-15269835522573.jpg,0,127,13,161,49
0180555-1503655555c49a.jpg,0,101,9,204,119
0180655-1536487615dac1.jpg,0,140,37,153,51
0180701-15660364218cd8.jpg,0,22,144,75,200
0180705-152378682594a4.jpg,0,21,171,42,194
0180717-1546682837d16a.jpg,0,149,3,241,101
0180741-15020140611766.jpg,0,151,15,234,103
0180803-153380928325a2.jpg,0,118,65,184,135
0180844-15192077241b0c.jpg,0,114,149,158,195
0180940-15064205804a89.jpg,0,153,64,245,162
0180946-15020141862d80.jpg,0,133,69,220,162
0181053-15197262532c9b.jpg,0,48,157,99,211
0181054-15090126549328.jpg,0,173,186,235,252
0181109-16506222690509.jpg,0,127,103,153,130
0181120-1500718280163e.jpg,0,54,45,167,166
0181128-1501236688e0da.jpg,0,217,149,236,169
0181219-1533809539f157.jpg,0,93,191,119,219
0181310-151920799086f1.jpg,0,98,113,192,213
0181336-15064208163a7a.jpg,0,88,169,149,234
0181511-154201771122af.jpg,0,96,172,143,222
0181522-15207633229890.jpg,0,105,83,139,120
0181556-15364881564ba0.jpg,0,40,14,109,88
0181613-15207633738b86.jpg,0,171,26,248,108
0181736-15090994560c1c.jpg,0,46,114,80,150
0181816-150572989616f6.jpg,0,237,4,255,23
0181819-15226642993ded.jpg,0,160,98,248,191
0181917-15482387573053.jpg,0,142,126,183,170
0181928-15192083687d9e.jpg,0,74,0,133,62
0181931-1520763571bca2.jpg,0,77,109,149,185
0181946-15240467863f8e.jpg,0,86,33,195,149
0182150-15240469101fc7.jpg,0,141,211,176,248
0182155-151575251537fc.jpg,0,54,2,79,29
0182213-15249109332d93.jpg,0,19,134,31,147
0182257-1536142977788e.jpg,0,53,108,143,204
0182259-15420181792f77.jpg,0,127,193,177,247
0182304-150201498448ca.jpg,0,182,89,244,155
0182323-1566037403747a.jpg,0,119,28,194,108
0182326-1503656606df59.jpg,0,66,196,81,212
0182328-1497090208240d.jpg,0,11,45,42,78
0182330-15033974101983.jpg,0,99,71,210,189
0182358-1519208638ba9b.jpg,0,63,75,120,136
0182407-1494239047101f.jpg,0,86,145,167,231
0182416-14989910563396.jpg,0,110,55,146,94
0182524-1520936724b777.jpg,0,33,62,51,81
0182643-1500719203cf9e.jpg,0,151,101,187,139
0182702-1522664822f06c.jpg,0,29,83,93,151
0182711-15036568317554.jpg,0,9,87,66,148
0182736-1505730456f925.jpg,0,131,16,226,117
0182831-15090137115d81.jpg,0,46,73,114,146
0182835-15095321155142.jpg,0,158,140,221,207
0182839-1506421719c711.jpg,0,149,21,202,77
0182847-15044345272171.jpg,0,42,102,112,176
0182900-1494239340bf5f.jpg,0,53,37,131,120
0182903-150071934324f7.jpg,0,1,105,111,222
0182904-1521800944634b.jpg,0,81,13,184,122
0182909-15033977494c3c.jpg,0,34,182,66,216
0182929-15027929699751.jpg,0,102,62,208,175
0182945-1532600985242a.jpg,0,217,17,243,44
0183036-153942663656e1.jpg,0,160,141,232,217
0183101-15117786619fbf.jpg,0,235,91,247,104
0183110-152007307005f7.jpg,0,181,165,214,200
0183121-15064218816188.jpg,0,16,168,74,230
0183134-151903629489e6.jpg,0,169,139,195,166
0183149-1512124309a6f0.jpg,0,147,73,208,138
0183201-15420187218258.jpg,0,76,6,176,112
1000012-16347456122a06.jpg,0,67,217,81,232
1000043-157305604379c0.jpg,0,179,214,206,243
1000055-16299072552135.jpg,0,44,48,145,155
1000107-1504454467f108.jpg,0,167,188,216,241
1000135-1519056095a828.jpg,0,126,73,245,200
1000153-1504972913bfa0.jpg,0,42,28,142,135
1000207-1634745727a455.jpg,0,138,188,177,230
1000232-1513094552a338.jpg,0,145,49,197,104
1000251-15046273714581.jpg,0,116,215,130,229
1000333-146954901370e8.jpg,0,32,115,139,229
1000357-15190562379c44.jpg,0,35,203,71,241
1000502-1507651502d9e3.jpg,0,68,51,116,102
1000528-1512921928cf40.jpg,0,97,109,165,181
1000535-1587657935016c.jpg,0,5,171,35,203
1000549-1469549149cf76.jpg,0,44,118,116,195
1000603-15005667633c84.jpg,0,171,139,248,221
1000653-1571674013a6f4.jpg,0,72,66,127,125
1000809-1504627689bf73.jpg,0,187,140,236,192
1000809-150497328989e2.jpg,0,159,139,240,225
1000852-1497024532302c.jpg,0,30,128,81,182
1000934-1645200574f69c.jpg,0,19,150,84,219
1001017-156692221763a4.jpg,0,37,183,70,218
1001203-1506269523973d.jpg,0,56,173,121,242
1001220-15669223403f8b.jpg,0,10,223,24,238
1001246-15012583669211.jpg,0,197,142,246,194
1001314-16618759946186.jpg,0,144,184,167,208
1001341-15059240211eb6.jpg,0,187,72,223,110
1001345-150497362525b0.jpg,0,204,210,233,241
1001422-15046280620489.jpg,0,92,55,138,104
1001502-1505664902e805.jpg,0,206,175,255,227
1001531-1648311331f68a.jpg,0,118,15,144,43
1001551-15046281515b48.jpg,0,136,129,181,177
1001846-16425227266655.jpg,0,79,77,120,120
1001855-1507652335b21a.jpg,0,200,100,244,147
1002047-15975948479335.jpg,0,13,17,101,111
1002106-15029004667e15.jpg,0,42,105,122,190
1002133-15026412933036.jpg,0,131,85,164,120
1002143-1648830103e280.jpg,0,58,68,100,113
1002234-15054061547465.jpg,0,9,133,83,211
1002321-150557900134ae.jpg,0,61,105,90,135
1002402-16352654429dcc.jpg,0,139,185,201,251
1002456-15773774962cff.jpg,0,5,3,36,35
1002734-16575568540728.jpg,0,29,148,54,175
1002738-15054064585e09.jpg,0,24,14,36,27
1002739-1577377659b456.jpg,0,135,156,228,255
1002837-1659889717b3f6.jpg,0,149,135,209,199
1002845-157841452520eb.jpg,0,153,60,204,114
1002942-1505060982cc1a.jpg,0,127,16,219,113
1002947-1652286587d326.jpg,0,17,123,72,182
1003018-16451154181ca0.jpg,0,95,59,157,124
1003121-150540668164a6.jpg,0,22,136,50,166
1003252-14678227722ddb.jpg,0,2,79,34,113
1003405-16547924458678.jpg,0,216,90,237,112
1003431-16264532710e32.jpg,0,214,9,227,23
1003433-15055796731dd8.jpg,0,102,136,140,177
1003810-1505407090274c.jpg,0,8,129,81,207
1003823-1505061503d952.jpg,0,106,66,124,85
1004253-1658248973fefd.jpg,0,192,58,213,81
1004312-1614616992eae2.jpg,0,145,29,211,99
1004442-1505407482391e.jpg,0,37,116,132,217
1004744-1652978864ec5e.jpg,0,40,42,130,138
1005045-16561758456bcf.jpg,0,0,60,20,81
1005239-16561759591a95.jpg,0,152,159,183,192
1005346-1570294426c666.jpg,0,169,131,205,170
1005608-1584550568e79c.jpg,0,76,34,140,102
1010624-1652979984946b.jpg,0,30,10,67,50
1011122-164390828235a1.jpg,0,100,47,159,110
1011530-16488333306425.jpg,0,195,6,215,28
1011919-1642958359c39f.jpg,0,10,131,116,244
1080404-1503965044f072.jpg,0,18,58,108,153
1083729-150396704933fd.jpg,0,0,94,53,150
1083815-1507941495e94a.jpg,0,140,55,180,98
1083913-15272087538da6.jpg,0,72,85,184,204
1084052-15052632524179.jpg,0,61,184,105,230
1084123-15079416839444.jpg,0,113,97,233,224
1084422-1507941862dc37.jpg,0,147,44,189,88
1084727-1507942047c8ac.jpg,0,106,34,195,129
1085700-15577090205d17.jpg,0,6,5,58,60
1090008-1521162008e23c.jpg,0,199,132,250,186
1091633-15052653930a36.jpg,0,45,85,95,138
1091803-15386158831d4e.jpg,0,103,118,159,178
1091930-15104495703e92.jpg,0,159,154,181,177
1092320-1507857800765f.jpg,0,196,23,222,51
1092443-151044988344cc.jpg,0,132,166,212,251
1092621-15291987816fb2.jpg,0,72,70,114,114
1092732-1500946052ef5f.jpg,0,102,152,148,201
1092753-1529198873fb7e.jpg,0,53,224,77,250
1092916-15291989567936.jpg,0,179,15,230,69
1092928-1507858168e7a5.jpg,0,170,194,194,220
1092953-1500946193fc08.jpg,0,200,185,223,210
1093027-15118326273a81.jpg,0,7,41,114,155
1093034-15386166345d11.jpg,0,217,51,241,76
1093044-1551835844245d.jpg,0,67,207,112,255
1093208-1500946328091d.jpg,0,171,57,246,137
1093208-154120872823d0.jpg,0,141,73,188,123
1093211-1529199131e3c9.jpg,0,65,211,92,240
1093247-15291991675460.jpg,0,100,71,213,191
1093320-1504316000c15b.jpg,0,147,21,240,120
1093337-152919921775ec.jpg,0,62,179,109,229
1093407-1497576847dc92.jpg,0,171,18,208,58
1093433-1500946473e517.jpg,0,191,28,210,48
1093533-1529112933676e.jpg,0,102,55,157,114
1093722-150094664273ce.jpg,0,140,183,153,197
1093903-152911314381c4.jpg,0,209,116,225,133
1093959-1504316399d1e1.jpg,0,61,162,95,198
1094039-1503279639a16b.jpg,0,129,17,173,64
1094039-15258300390e1b.jpg,0,50,79,164,200
1094128-1531359688d86b.jpg,0,42,75,130,169
1094325-1541209405736d.jpg,0,71,15,170,120
1094409-15349886493e90.jpg,0,26,58,50,83
1094410-15094142507047.jpg,0,78,38,132,96
1094508-1507859108434d.jpg,0,121,180,165,227
1094637-15349887977b45.jpg,0,11,51,98,144
1094658-15078592181a80.jpg,0,111,72,154,118
1094753-15009472734010.jpg,0,154,77,224,151
1094915-15272129550fae.jpg,0,13,25,122,141
1095025-1530496225d1f5.jpg,0,97,128,172,208
1095044-1527213044d626.jpg,0,118,129,207,224
1095156-15304963168861.jpg,0,64,36,107,82
1095403-15078596439d63.jpg,0,107,169,177,243
1095550-1541210150ce8f.jpg,0,147,236,161,251
1095559-15614277592283.jpg,0,9,169,73,237
1095730-15043174507699.jpg,0,199,30,246,80
1095746-1475287066b546.jpg,0,212,8,245,43
1095752-15412102729d33.jpg,0,97,168,139,213
1095756-1516672676e722.jpg,0,162,20,214,76
1095821-15022439010115.jpg,0,55,92,139,182
1095842-1567389522806f.jpg,0,164,123,256,221
1095847-1531792727a75a.jpg,0,91,2,112,24
1095918-15094151582ace.jpg,0,68,58,135,130
1095925-15323975655e0b.jpg,0,131,10,192,75
1095958-1532397598b1d8.jpg,0,80,194,134,252
1100024-1500948024d0f3.jpg,0,33,21,126,120
1100026-1514253626f437.jpg,0,92,0,165,77
1100046-1471831246a885.jpg,0,50,93,116,163
1100110-1509847270632b.jpg,0,57,13,149,111
1100120-15165000800b4e.jpg,0,111,210,123,222
1100142-1541210502ff5a.jpg,0,52,4,138,96
1100220-1507860140108b.jpg,0,136,27,181,75
1100236-1503885756ba8e.jpg,0,12,67,58,116
1100245-150224416510ae.jpg,0,140,114,155,130
1100248-15349033689012.jpg,0,100,46,112,59
1100259-15009481799ba9.jpg,0,98,174,149,229
1100305-1531792985daab.jpg,0,149,22,166,40
1100356-153490343653ec.jpg,0,99,12,208,128
1100402-15673898427056.jpg,0,154,43,178,69
1100501-156142830165ce.jpg,0,95,90,137,135
1100535-15317931353124.jpg,0,142,194,198,254
1100544-1516500344fbcf.jpg,0,13,38,81,111
1100557-15412107576d9e.jpg,0,39,117,126,210
1100643-153179320320b8.jpg,0,113,166,171,228
1100852-151580933227fc.jpg,0,52,11,87,48
1100855-150094853578f6.jpg,0,194,55,229,92
1100921-1520302161392e.jpg,0,9,21,85,102
1100945-15165005854214.jpg,0,109,26,199,122
1100959-15317933996b32.jpg,0,122,20,200,103
1101015-1504318215fe46.jpg,0,146,21,191,69
1101019-1502244619c32d.jpg,0,136,96,190,153
1101024-1562983824e324.jpg,0,59,113,88,144
1101100-15641934606367.jpg,0,112,89,185,166
1101111-15078606711e51.jpg,0,210,20,255,68
1101138-15009486986dfe.jpg,0,72,102,127,161
1101211-1531793531e09a.jpg,0,49,63,90,107
1101212-15043183323d08.jpg,0,209,139,225,156
1101310-1531793590e243.jpg,0,17,21,113,123
1101316-151079839615c1.jpg,0,191,149,220,180
1101346-1502417626ac7c.jpg,0,93,84,126,120
1101412-1507860852a4b0.jpg,0,147,75,221,154
1101417-1538619257222b.jpg,0,213,225,234,248
1101433-156298407395a5.jpg,0,51,132,78,161
1101449-1526264089f8d3.jpg,0,27,38,143,161
1101453-1520302493ce7f.jpg,0,172,70,185,84
1101500-15232401001fdc.jpg,0,5,116,21,133
1101607-15317937679097.jpg,0,114,203,164,256
1101720-1538619440b939.jpg,0,194,15,244,68
1101726-15262642465406.jpg,0,96,56,202,168
1101733-15629842537353.jpg,0,116,16,221,128
1101810-14705362904f00.jpg,0,118,94,165,145
1101814-15203026941293.jpg,0,34,69,90,128
1101816-1523240296f3b7.jpg,0,162,161,212,214
1101846-151088512651fc.jpg,0,102,17,191,112
1101935-1538619575550a.jpg,0,32,94,72,136
1101936-15262643769091.jpg,0,89,60,153,128
1102037-15203028370695.jpg,0,195,172,226,205
1102118-1525918878fe7e.jpg,0,109,164,133,190
1102208-15332629282f49.jpg,0,114,125,195,211
1102255-1533262975a384.jpg,0,108,38,140,72
1102339-15043190193c82.jpg,0,80,17,130,70
1102342-150241822257f6.jpg,0,169,44,194,70
1102428-150025826812a3.jpg,0,33,101,101,173
1102429-1502245469ec2e.jpg,0,74,138,99,164
1102710-15064792300247.jpg,0,187,143,245,205
1102723-1584757643a4d4.jpg,0,173,63,207,99
1102747-1551580067a5f8.jpg,0,59,147,115,207
1102832-1520303312bb48.jpg,0,147,23,179,57
1102936-1503282576433a.jpg,0,143,32,233,128
1103011-15515802114faa.jpg,0,29,146,97,218
1103019-15027642193202.jpg,0,110,47,130,68
1103028-15275610288794.jpg,0,107,45,217,162
1103127-1564194687d747.jpg,0,39,38,84,86
1103129-15282522899d58.jpg,0,9,121,92,210
1103318-1547519598c67c.jpg,0,96,96,213,221
1103324-15078620047a35.jpg,0,92,63,127,101
1103341-15275612218da3.jpg,0,38,106,71,142
1103346-15203036264c5e.jpg,0,85,199,115,231
1103545-15027645459674.jpg,0,222,145,236,160
1103601-15847581618d42.jpg,0,72,140,104,174
1103631-1505097391c677.jpg,0,38,43,78,85
1103818-1502505498e7cd.jpg,0,73,180,128,238
1103830-15377567104593.jpg,0,183,88,253,163
1103840-15009503208823.jpg,0,89,4,142,60
1103844-15346463246d51.jpg,0,135,103,251,227
1103939-14894591797249.jpg,0,51,70,122,145
1103950-15027647907e11.jpg,0,69,99,139,174
1103955-1534646395fa5e.jpg,0,146,151,174,181
1104020-1522636820f754.jpg,0,107,73,142,111
1104043-1551580843c873.jpg,0,61,75,157,177
1104125-15285984852360.jpg,0,167,37,188,60
1104236-1528598556a511.jpg,0,85,61,191,174
1104304-153767058450b7.jpg,0,97,77,215,202
1104306-14970625869335.jpg,0,180,71,232,126
1104321-15200450014827.jpg,0,81,121,105,146
1104331-1502765011db8b.jpg,0,107,100,137,132
1104501-1538189101322c.jpg,0,55,70,126,145
1104545-1526265945d580.jpg,0,68,174,140,250
1104552-15027651527f6c.jpg,0,2,33,100,137
1104610-15226371704637.jpg,0,48,161,88,204
1104616-15140835761aa1.jpg,0,5,5,50,53
1104712-1502160432b593.jpg,0,14,123,53,165
1104740-1502419660eb12.jpg,0,159,149,199,192
1104743-152756206335ba.jpg,0,15,211,57,255
1104821-1526266101f878.jpg,0,9,68,91,156
1104933-15275621738f1e.jpg,0,98,45,151,101
1104937-15021605774f24.jpg,0,221,95,245,120
1104945-1506739785dbb7.jpg,0,66,85,110,132
1105004-152263740440a5.jpg,0,20,65,45,91
1105006-149706300629bc.jpg,0,17,5,70,62
1105014-1527216614cab8.jpg,0,46,44,84,85
1105030-150250623075d4.jpg,0,192,103,255,170
1105107-1527216667842c.jpg,0,96,15,126,47
1105140-1502247100be40.jpg,0,96,104,206,221
1105231-1527562351dafc.jpg,0,10,57,95,148
1105235-1503456755eace.jpg,0,51,21,157,134
1105309-1503802389e3a1.jpg,0,115,98,170,156
1105319-1502506399c3b1.jpg,0,78,184,94,201
1105423-1503802463da2c.jpg,0,110,130,188,213
1105507-1551322507d35f.jpg,0,59,128,121,194
1105600-1519700160ece1.jpg,0,13,162,66,218
1105617-154086817745c6.jpg,0,202,76,234,110
1105650-15098506104e93.jpg,0,71,63,120,115
1105755-1502679475b8db.jpg,0,79,68,185,181
1105809-1509850689e16f.jpg,0,88,1,176,94
1105955-151970039589d5.jpg,0,143,93,171,123
1110052-15098508527997.jpg,0,127,216,160,251
1110112-1535252472407b.jpg,0,88,10,202,131
1110206-15022477269694.jpg,0,174,158,199,185
1110319-1528426999c340.jpg,0,65,154,153,248
1110352-1527217432231f.jpg,0,178,2,232,59
1110400-1528427040daeb.jpg,0,87,38,204,162
1110403-15024206438307.jpg,0,177,92,220,138
1110404-152108304476cb.jpg,0,8,157,66,218
1110427-15262670673a8d.jpg,0,32,172,69,211
1110435-14971502752b4f.jpg,0,82,33,138,92
1110437-14933486773a0d.jpg,0,13,29,39,57
1110458-1527217498a041.jpg,0,91,60,151,123
1110624-15352527845eaa.jpg,0,20,158,66,207
1110731-15031984519fff.jpg,0,129,9,193,77
1110738-1511579258fab2.jpg,0,142,57,209,129
1110819-1544065699695a.jpg,0,45,153,57,166
1110831-1506740911dc82.jpg,0,115,62,205,157
1110924-15749969641a0a.jpg,0,14,39,106,137
1110929-150397616958b3.jpg,0,66,232,79,246
1110949-14982737890cb9.jpg,0,114,144,154,187
1110955-1572577795a8d1.jpg,0,56,158,72,175
1111053-1558321853e3b9.jpg,0,63,102,132,175
1111259-15237619794114.jpg,0,153,66,224,141
1111300-15039763804b2b.jpg,0,67,76,155,170
1111323-15021620034f40.jpg,0,90,189,139,241
1111337-1502680417df7e.jpg,0,35,131,66,164
1111340-1501989220408f.jpg,0,18,53,126,168
1111526-153525332658c7.jpg,0,47,65,136,160
1111553-15067413536222.jpg,0,62,126,150,220
1111729-1535253449e393.jpg,0,146,94,255,209
1111731-15235030515362.jpg,0,75,129,183,244
1111733-1543461453a8cc.jpg,0,121,189,164,235
1111851-1497237531d979.jpg,0,161,93,198,132
1111909-1530328749f422.jpg,0,56,132,74,151
1111933-15058775738f37.jpg,0,29,91,44,106
1111936-15352535764522.jpg,0,39,35,81,80
1111944-1505877584b83f.jpg,0,135,44,210,124
1111946-14970647868389.jpg,0,48,26,131,114
1112004-150691440403f2.jpg,0,62,202,75,215
1112023-15063096235423.jpg,0,34,44,97,111
1112051-1520911251ff81.jpg,0,154,85,247,184
1112102-15434616622b0f.jpg,0,1,94,43,139
1112117-15019896777633.jpg,0,32,71,81,123
1112117-1521775277be51.jpg,0,37,89,95,150
1112230-15402649502190.jpg,0,139,94,233,194
1112247-15222073670435.jpg,0,180,183,208,213
1112315-152263939559bd.jpg,0,86,101,127,145
1112321-15034586011088.jpg,0,20,31,126,144
1112322-1527218602fd8a.jpg,0,81,14,124,60
1112401-1530329041f787.jpg,0,101,61,113,74
1112418-1547522658a3e4.jpg,0,9,175,80,251
1112438-1540869878d4f9.jpg,0,233,213,251,232
1112445-1504149885e4d4.jpg,0,72,19,169,122
1112448-1545794688ffe8.jpg,0,56,136,76,157
1112502-1543461902b2cb.jpg,0,81,153,157,233
1112531-152091153111c2.jpg,0,23,16,127,126
1112543-149706514325bd.jpg,0,23,45,54,78
1112618-150198997877be.jpg,0,159,184,179,205
1112653-15069148137550.jpg,0,93,205,109,222
1112701-149723802121f1.jpg,0,200,155,228,184
1112725-1536118045030f.jpg,0,1,127,45,174
1112735-1526268455da4e.jpg,0,9,174,38,205
1112743-1497065263e16c.jpg,0,93,74,108,89
1112800-152220768044f2.jpg,0,97,38,128,71
1112835-1503199715e9d1.jpg,0,224,191,254,223
1112855-15256637351153.jpg,0,66,103,137,179
1112909-153525414948e9.jpg,0,8,125,29,148
1112922-1504495762f7b3.jpg,0,60,206,102,251
1112955-1501990195f4ba.jpg,0,141,204,164,228
1113015-1521775815d7af.jpg,0,197,86,242,134
1113126-1521775886dfd9.jpg,0,34,149,128,249
1113205-1543462325038b.jpg,0,223,133,252,164
1113235-15069151554155.jpg,0,82,105,201,232
1113302-1497065582678a.jpg,0,61,172,105,219
1113304-1504495984a26a.jpg,0,10,198,43,233
1113307-1503545587b280.jpg,0,86,34,139,91
1113313-1497238393dc79.jpg,0,173,43,206,78
1113320-150320000083cc.jpg,0,62,205,78,222
1113321-1540265601642e.jpg,0,0,75,45,123
1113321-15434624017c27.jpg,0,91,55,181,150
1113342-1528428822cf13.jpg,0,164,116,183,137
1113446-1492745686c4de.jpg,0,130,75,214,164
1113449-152842888969a9.jpg,0,100,28,219,155
1113512-1547782512cfd4.jpg,0,96,160,163,231
1113529-149706572918fb.jpg,0,56,2,72,19
1113606-1538624166f3ee.jpg,0,134,105,172,146
1113608-1501990568da52.jpg,0,234,163,256,186
1113713-15060514335a14.jpg,0,172,190,233,255
1113715-1522640235cb3a.jpg,0,191,191,216,218
1113725-1532921845478c.jpg,0,114,60,184,134
1113757-1529465877d79a.jpg,0,62,4,153,101
1113822-15262691026dd6.jpg,0,199,66,248,118
1113859-1532921939dd60.jpg,0,123,189,152,220
1113900-15209123407ae1.jpg,0,175,182,207,216
1113906-1499830746503f.jpg,0,98,141,203,253
1113944-15294659843721.jpg,0,23,10,104,96
1113958-1535254798fc1c.jpg,0,68,18,111,64
1114021-15279972211872.jpg,0,134,118,164,150
1114036-1543462836c2c5.jpg,0,175,4,240,74
1114050-15019908502381.jpg,0,67,24,171,135
1114121-1528429281d667.jpg,0,30,40,55,66
1114137-150449649775c1.jpg,0,118,33,143,60
1114142-1505878902a6f5.jpg,0,220,131,245,157
1114151-1526269311c7bd.jpg,0,152,109,232,194
1114156-1529466116ec80.jpg,0,160,11,250,107
1114244-153292216443d1.jpg,0,222,145,234,158
1114251-1534218171b2f4.jpg,0,37,80,115,163
1114324-15238502046749.jpg,0,54,62,75,84
1114329-1523763809f25f.jpg,0,94,114,212,240
1114338-15031142189726.jpg,0,70,161,127,221
1114341-153421822127fc.jpg,0,70,125,109,166
1114423-1501991063a778.jpg,0,125,97,243,222
1114432-153292227243f3.jpg,0,163,93,232,167
1114544-1527997544b211.jpg,0,93,146,173,232
1114658-1506570418e9d7.jpg,0,226,95,240,109
1114713-15934888334c35.jpg,0,146,157,201,215
1114745-15475240650d1a.jpg,0,55,3,161,116
1114804-15264424846b82.jpg,0,92,69,192,175
1114817-15031144973629.jpg,0,199,89,212,103
1114825-1526269705f270.jpg,0,156,52,232,133
1114825-1593488905d1ea.jpg,0,9,95,52,141
1114836-1515815316ca3c.jpg,0,96,99,139,145
1114837-1501991317d9ba.jpg,0,162,10,243,96
1114840-15032873207a7c.jpg,0,77,163,89,176
1114921-15044969616b1e.jpg,0,167,106,242,186
1114936-15934889768f26.jpg,0,19,68,126,182
1114944-15475241843fe1.jpg,0,167,8,201,44
1114948-1532922588545e.jpg,0,57,121,140,209
1115050-1521085850416e.jpg,0,39,89,83,136
1115058-152376425849fc.jpg,0,80,65,194,186
1115211-15934891314c91.jpg,0,188,26,205,44
1115229-15044971490037.jpg,0,43,152,123,237
1115300-1505879580192c.jpg,0,154,47,230,128
1115315-1528516395a616.jpg,0,116,67,218,175
1115346-163643002623ab.jpg,0,150,16,220,90
1115350-1593489230d706.jpg,0,164,151,222,213
1115404-1468036444e8b2.jpg,0,55,129,169,250
1115442-1519703682f694.jpg,0,63,110,89,138
1115513-163643011357ed.jpg,0,136,125,172,164
1115549-15026829496b70.jpg,0,195,54,230,91
1115602-152843016201a3.jpg,0,223,34,246,58
1115619-1636430179ad79.jpg,0,52,136,147,237
1115644-152799820488ca.jpg,0,193,125,221,155
1115656-1526443016c57f.jpg,0,10,113,124,234
1115705-163643022563ea.jpg,0,94,182,112,201
1115728-1636430248e8c8.jpg,0,22,142,102,227
1115733-1497239853a2db.jpg,0,178,126,218,168
1115817-1521086297d076.jpg,0,88,36,144,96
1115910-1473566350d148.jpg,0,96,48,210,169
1115917-152799835777a2.jpg,0,113,11,178,80
1115959-15779375994b0a.jpg,0,7,59,22,75
1120009-15044976098c57.jpg,0,97,35,121,60
1120100-1516680060f4fe.jpg,0,155,143,184,174
1120108-15044976681b92.jpg,0,91,41,151,105
1120151-153681131128cf.jpg,0,165,33,198,68
1120155-15777649154123.jpg,0,126,150,205,235
1120208-1526443328986f.jpg,0,60,117,104,164
1120212-1518667332e4b7.jpg,0,44,21,126,109
1120315-15044977954454.jpg,0,33,170,97,238
1120814-1536811694afe1.jpg,0,105,208,120,224
1120907-15250613470bc8.jpg,0,20,158,54,194
1120919-1528344559b84d.jpg,0,136,100,159,125
1120923-150233816336b9.jpg,0,136,67,254,193
1120928-1509854968face.jpg,0,127,87,187,151
1121117-1533183077ae5b.jpg,0,7,190,44,229
1121135-1525061495ef46.jpg,0,105,154,153,205
1121302-15326647824571.jpg,0,116,31,212,133
1121306-151866798634dd.jpg,0,201,182,227,209
1121428-1501992868a212.jpg,0,33,143,52,163
1121531-15297273313600.jpg,0,143,184,181,224
1121604-1588997764ded0.jpg,0,183,172,225,217
1121648-1523938608df2e.jpg,0,6,119,98,217
1121654-1559967414b471.jpg,0,51,136,131,221
1121714-1531887434d8d1.jpg,0,111,81,136,107
1121725-15115834455b4a.jpg,0,119,149,158,190
1121746-1521087466c981.jpg,0,169,72,207,113
1121810-152834509030d2.jpg,0,24,195,50,223
1121826-1531887506433d.jpg,0,105,23,168,90
1121851-1501993131aea2.jpg,0,173,42,251,125
1121926-1529727566e7da.jpg,0,96,61,124,91
1121940-150691798036f3.jpg,0,169,176,227,238
1122003-15889980039869.jpg,0,148,35,210,101
1122045-15031164450c80.jpg,0,101,130,218,255
1122103-1535862063e3f3.jpg,0,143,144,192,196
1122145-1503202905cf8b.jpg,0,199,81,244,129
1122247-158899816771bb.jpg,0,77,147,152,226
1122337-1542169417cb26.jpg,0,76,68,104,98
1122349-15331838299ca3.jpg,0,21,79,90,152
1122357-15019934374bf6.jpg,0,33,69,97,137
1122449-1482121489f8c7.jpg,0,89,138,183,238
1122507-15004383076a83.jpg,0,123,14,181,75
1122518-1559967918c8b9.jpg,0,9,107,28,127
1122536-1578543936eba9.jpg,0,39,58,124,149
1122558-1542169558985c.jpg,0,95,123,172,205
1122607-15326655678ce3.jpg,0,11,77,113,186
1122611-1529123171abf7.jpg,0,20,14,53,49
1122723-1503203243e91c.jpg,0,21,159,67,208
1122758-15217792780f9c.jpg,0,142,129,199,190
1122827-1501993707123e.jpg,0,230,102,247,121
1122913-15032033531ea5.jpg,0,76,132,116,175
1123015-15354306157649.jpg,0,62,120,153,217
1123024-152108822476b6.jpg,0,114,16,136,39
1123029-1545539429f8fe.jpg,0,32,176,106,255
1123047-1503117047f2f5.jpg,0,27,19,83,79
1123126-15032034869584.jpg,0,36,59,116,144
1123154-1523939514dfca.jpg,0,4,167,67,233
1123323-15032036039660.jpg,0,36,170,96,233
1123328-14963780088f55.jpg,0,44,89,119,168
1123348-15217796285c36.jpg,0,75,36,163,130
1123506-15019941065366.jpg,0,177,37,221,84
1123534-1521779734329a.jpg,0,217,80,236,100
1123628-15031173885a61.jpg,0,162,56,246,145
1123822-1510115902e2e9.jpg,0,6,118,118,237
1123842-1503203922f4ee.jpg,0,194,167,225,200
1123945-14969831856c4d.jpg,0,110,134,222,253
1123958-1521779998ea46.jpg,0,145,47,210,116
1124044-15204840446421.jpg,0,8,81,102,181
1124305-14918857852bbe.jpg,0,68,121,181,241
1124313-1528951393fc8f.jpg,0,156,174,206,228
1124318-15019945987500.jpg,0,25,15,77,70
1124328-1521780208d600.jpg,0,129,202,168,243
1124752-1491886072506d.jpg,0,79,221,109,253
1124803-15217804838b17.jpg,0,16,42,56,84
1125045-14916270451a3f.jpg,0,190,132,244,190
1125121-1504500681e144.jpg,0,58,141,74,159
1125316-1497243196c36b.jpg,0,174,158,236,224
1125323-1502340803682f.jpg,0,125,5,199,83
1125344-1521867224ba65.jpg,0,135,69,228,168
1125411-1503723251fbed.jpg,0,96,186,132,224
1125439-1507524879b77f.jpg,0,47,186,69,210
1125639-1503550599828b.jpg,0,149,89,183,125
1125710-1502341030f162.jpg,0,38,50,154,173
1125736-1501995456455d.jpg,0,46,112,108,178
1130258-15250645784014.jpg,0,164,25,234,100
1130311-149741659108f4.jpg,0,170,94,186,111
1130352-15171158321597.jpg,0,186,108,227,152
1130408-1501995848fbc0.jpg,0,80,48,139,110
1130821-1503205701784f.jpg,0,126,179,150,205
1130921-1521781761ea94.jpg,0,225,188,252,216
1131208-15069211287464.jpg,0,165,102,231,172
1131342-1506921222a94c.jpg,0,7,156,84,238
1131729-15186718499023.jpg,0,23,18,83,81
1131815-15136606954d3a.jpg,0,87,82,184,185
1132537-15171171370836.jpg,0,36,93,109,171
1132953-150372539359ee.jpg,0,108,66,167,128
1133239-1502343159ff9b.jpg,0,76,156,127,210
1133331-150372561100c1.jpg,0,174,193,196,217
1133451-1507527291794c.jpg,0,158,201,192,237
1140357-15033818372718.jpg,0,114,62,165,116
1140411-1503727451b3a1.jpg,0,232,154,250,173
1141323-15064064030cd2.jpg,0,219,34,252,69
1141503-1509257703bb48.jpg,0,71,127,122,181
1141621-150338258158d1.jpg,0,106,125,160,183
1141947-1503382787c45a.jpg,0,138,141,152,156
1142102-15070116624e3f.jpg,0,73,96,174,203
1142236-1503382956cf79.jpg,0,37,85,69,119
1143018-1503383418acd7.jpg,0,11,117,44,152
1143201-1507012321a825.jpg,0,29,82,109,167
1143310-15046795906ae4.jpg,0,99,61,199,168
1143650-15033838102db4.jpg,0,167,33,202,70
1143818-15039886985062.jpg,0,29,216,54,243
1143845-1506062325a963.jpg,0,204,7,243,48
1143916-1506753556050a.jpg,0,195,56,219,82
1144029-1507012829fa14.jpg,0,184,30,199,46
1144344-150606262445a5.jpg,0,71,123,187,247
1144515-1506753915c503.jpg,0,103,1,116,15
1144638-15014835985ab4.jpg,0,20,52,47,80
1144652-15138388128690.jpg,0,163,153,197,189
1144712-15064084324617.jpg,0,177,9,208,42
1144832-15356117122bbf.jpg,0,150,15,168,35
1145038-150718623882ae.jpg,0,104,138,128,164
1145101-1506063061b9ac.jpg,0,97,21,155,83
1145130-15039894907566.jpg,0,104,35,131,63
1145259-15064087790d06.jpg,0,207,120,234,149
1145342-1487746422c23b.jpg,0,110,132,190,217
1145635-15098649951fed.jpg,0,67,79,145,162
1145650-15039898106eaf.jpg,0,98,121,202,232
1145658-1510988218d25d.jpg,0,140,82,195,140
1145829-15109883099557.jpg,0,190,126,211,149
1145852-1518245932a12e.jpg,0,49,7,128,91
1145859-15060635399c0c.jpg,0,96,84,172,164
1150020-1510988420f605.jpg,0,65,29,141,110
1150022-1506409222f769.jpg,0,108,63,187,147
1150131-150977889183ae.jpg,0,21,204,40,225
1150217-16429213378751.jpg,0,117,85,209,183
1150406-15071870465282.jpg,0,144,170,191,220
1150554-15060639542325.jpg,0,108,76,224,200
1150645-149984320536e4.jpg,0,162,67,181,87
1150722-15097792422922.jpg,0,146,61,161,77
1150839-15117665199b6d.jpg,0,94,126,166,203
1150928-15096065682852.jpg,0,105,139,204,244
1151020-1540278620967e.jpg,0,39,84,67,114
1151056-15285282562056.jpg,0,132,158,214,245
1151127-1499238687cba5.jpg,0,76,128,152,208
1151143-15096067036f4b.jpg,0,112,119,161,172
1151313-15234307937ba2.jpg,0,147,97,250,207
1151343-14997572231f71.jpg,0,108,62,156,113
1151439-1508742879b397.jpg,0,102,102,146,149
1151454-15140996948bd1.jpg,0,202,58,229,87
1151558-15071877587db4.jpg,0,88,150,102,165
1151716-1545981436d41d.jpg,0,135,82,186,137
1151823-15097799037d94.jpg,0,161,125,226,194
1151853-1540279133c0ee.jpg,0,28,117,100,193
1151919-1507533559a1a7.jpg,0,87,136,158,211
1151927-1517815167e78f.jpg,0,124,187,144,208
1151934-1548487174ce22.jpg,0,6,20,78,97
1152012-150468241242e7.jpg,0,0,37,43,83
1152027-1506669627be78.jpg,0,118,35,234,158
1152033-1517815233e8eb.jpg,0,131,66,200,139
1152110-150546007057aa.jpg,0,128,56,173,104
1152124-14972520840841.jpg,0,4,167,84,252
1152154-15178153145f30.jpg,0,86,109,124,149
1152201-1548487321141c.jpg,0,17,135,32,151
1152214-1506064934eb38.jpg,0,108,53,186,136
1152329-1523431409f255.jpg,0,54,31,82,60
1152350-1507533830ba74.jpg,0,146,58,255,174
1152426-149811626697a3.jpg,0,2,62,58,122
1152433-150831147320b1.jpg,0,146,74,230,163
1152435-1512717875bc40.jpg,0,129,55,141,68
1152535-15130635356222.jpg,0,68,60,107,101
1152546-14972523466b79.jpg,0,81,2,111,34
1152602-150874356244de.jpg,0,112,30,209,133
1152713-1553844433df82.jpg,0,199,55,230,88
1152725-1497252445817e.jpg,0,12,193,44,227
1152726-15097804461afe.jpg,0,219,193,241,216
1152742-15045100627218.jpg,0,142,170,177,207
1152902-1514100542e934.jpg,0,65,11,101,49
1152957-1506410997e59f.jpg,0,125,62,184,125
1153003-1548487803ad4f.jpg,0,215,123,230,139
1153101-1508311861987a.jpg,0,61,36,121,100
1153117-1508743877be49.jpg,0,33,51,90,111
1153308-1497252788aa72.jpg,0,95,61,200,173
1153336-15097808168ecd.jpg,0,113,168,158,216
1153347-15285296277b44.jpg,0,115,23,204,118
1153414-14670128546dbf.jpg,0,42,160,101,222
1153434-1504942474ff6b.jpg,0,112,59,183,134
1153500-1497252900dd7a.jpg,0,176,156,237,221
1153639-1542008199929f.jpg,0,107,35,206,141
1153718-1531553838543b.jpg,0,136,107,228,204
1153735-152818425588d0.jpg,0,158,147,223,216
1153809-1556177889ce6b.jpg,0,160,114,218,176
1153831-15315539116156.jpg,0,152,48,227,128
1153846-1614843526bb70.jpg,0,58,130,117,193
1153918-1509781158ae35.jpg,0,2,2,76,80
1154017-15250740176369.jpg,0,148,158,177,189
1154056-151029965650fc.jpg,0,218,175,256,216
1154118-14974260784068.jpg,0,14,57,110,159
1154125-16570068852c22.jpg,0,115,108,211,210
1154152-151029971288d7.jpg,0,90,220,111,242
1154153-149725331343be.jpg,0,83,97,99,114
1154203-15306037238504.jpg,0,207,53,226,73
1154331-1521877411a6da.jpg,0,190,46,221,79
1154416-1504511056a4a2.jpg,0,144,72,244,178
1154416-15250742564997.jpg,0,184,48,216,83
1154418-1497426258b0bf.jpg,0,47,56,103,116
1154446-1507189486c0d7.jpg,0,28,107,93,177
1154527-1514101527bd39.jpg,0,5,24,107,133
1154542-15047703427c41.jpg,0,72,162,118,211
1154548-1501227948b99a.jpg,0,58,61,158,167
1154549-1519717549252d.jpg,0,156,120,252,222
1154624-1511423184ce1b.jpg,0,30,115,69,157
1154627-15234327873cfc.jpg,0,158,26,215,87
1154639-1548488799e623.jpg,0,90,132,147,193
1154708-15047704286796.jpg,0,166,150,254,244
1154716-1501487236d2da.jpg,0,54,8,66,20
1154815-15083128958f1f.jpg,0,141,56,166,83
1154821-15029561019310.jpg,0,40,47,59,67
1154901-1497253741a0dd.jpg,0,27,169,56,199
1154923-155384576397bb.jpg,0,36,135,128,232
1155001-150451140162c6.jpg,0,83,1,126,47
1155049-15281850497321.jpg,0,201,232,216,248
1155055-1513324255c8d9.jpg,0,213,17,247,54
1155057-1493711457c7c3.jpg,0,146,141,228,228
1155104-15484890647558.jpg,0,17,31,78,95
1155223-1526975543ab48.jpg,0,145,137,234,232
1155248-152300116809c5.jpg,0,61,208,75,223
1155302-1474876382c65d.jpg,0,76,92,184,207
1155330-1504943610c4f2.jpg,0,55,57,174,183
1155350-15226556308fa5.jpg,0,77,6,155,88
1155353-15045116338702.jpg,0,102,206,118,223
1155401-15538460414a03.jpg,0,170,15,204,51
1155416-1550390056b105.jpg,0,93,68,159,138
1155514-15230013141763.jpg,0,174,153,222,204
1155516-15286173168c4e.jpg,0,32,100,81,152
1155547-14988957473408.jpg,0,12,113,78,183
1155551-14928477519ad8.jpg,0,191,109,238,159
1155716-1521878236bd2a.jpg,0,9,118,61,173
1155719-15045118396146.jpg,0,151,58,187,96
1155725-1507190245d6c7.jpg,0,121,223,135,238
1155732-15239518525ffe.jpg,0,31,171,46,187
1155741-16567486617abe.jpg,0,117,120,133,137
1155815-1499673495cf46.jpg,0,98,140,162,208
1155815-15029566957391.jpg,0,85,82,124,124
1155818-1506585498eb19.jpg,0,141,0,251,117
1155820-1503907100ee00.jpg,0,158,154,171,167
1155835-15286175151a0e.jpg,0,84,119,137,175
1155917-15204095571c76.jpg,0,148,26,192,72
1160001-14972544019492.jpg,0,155,117,204,169
1160017-14748768173846.jpg,0,31,118,53,141
1160053-15226560535437.jpg,0,160,146,236,227
1160109-1525075269fe47.jpg,0,22,77,88,148
1160129-1497254489d408.jpg,0,91,71,170,155
1160259-15065857793343.jpg,0,121,67,146,93
1160308-150546258895e6.jpg,0,98,106,147,159
1160313-15404545938be5.jpg,0,98,26,125,55
1160323-1502957003c881.jpg,0,126,129,243,253
1160326-1513670606e377.jpg,0,236,114,249,128
1160352-15064130321a82.jpg,0,66,41,99,76
1160413-15250754538c21.jpg,0,77,54,175,158
1160425-15045122651c54.jpg,0,111,92,210,197
1160547-15058947477af0.jpg,0,44,159,59,175
1160549-1511683549ac94.jpg,0,138,179,163,206
1160559-15533283595dd5.jpg,0,87,62,173,153
1160606-1523952366415f.jpg,0,184,150,201,169
1160707-150295722791ff.jpg,0,65,24,129,92
1160729-149284844981f0.jpg,0,35,24,80,72
1160805-1506067685f3d3.jpg,0,110,111,170,175
1160831-15218789113761.jpg,0,132,100,184,156
1160832-15045125122304.jpg,0,123,11,202,95
1160948-1502525388d799.jpg,0,67,87,138,163
1161011-150779581128f2.jpg,0,77,73,185,188
1161157-15239527179b60.jpg,0,150,172,190,215
1161232-1504512752ef03.jpg,0,13,179,54,222
1161239-1519200759a48f.jpg,0,21,24,46,51
1161355-1496477635ce2a.jpg,0,67,11,156,105
1161359-1507796039b831.jpg,0,34,50,53,70
1161413-1502957653e4e3.jpg,0,153,47,230,129
1161431-1520496871ca63.jpg,0,110,10,189,94
1161456-146753369603c1.jpg,0,38,10,152,131
1161506-1523002506c489.jpg,0,94,148,158,216
1161548-1523952948ed98.jpg,0,140,113,229,208
1161618-15230025786baf.jpg,0,38,109,155,234
1161651-146787941129eb.jpg,0,95,137,173,220
1161715-15192010352078.jpg,0,77,211,105,241
1161742-15029578629e78.jpg,0,205,149,239,185
1161828-15209291083e60.jpg,0,35,111,53,130
1161831-1518682711da85.jpg,0,50,40,93,85
1161932-14970827722214.jpg,0,178,197,207,228
1161934-15192011748d36.jpg,0,157,68,171,83
1161934-15239531749465.jpg,0,130,110,232,218
1162012-15289644122b7f.jpg,0,57,92,165,207
1162054-152300285400c0.jpg,0,115,62,189,140
1162136-1527927696c3bc.jpg,0,99,32,118,52
1162157-14970829173df7.jpg,0,133,21,176,66
1162204-15065869246c97.jpg,0,102,181,147,229
1162325-15503918050855.jpg,0,92,164,141,216
1162340-1528187020ee48.jpg,0,162,13,183,36
1162344-1552379024d5a2.jpg,0,82,212,96,227
1162409-1523953449463b.jpg,0,104,19,134,51
1162421-15591182610536.jpg,0,173,205,199,233
1162441-15071918816cb8.jpg,0,3,125,83,210
1162455-1523435095761d.jpg,0,66,168,109,214
1162506-152758230631bf.jpg,0,121,75,139,94
1162511-15230031116bd4.jpg,0,63,17,118,76
1162519-15226575192cb6.jpg,0,179,181,244,250
1162525-1505291125e9b8.jpg,0,19,110,52,145
1162606-15045135660afc.jpg,0,29,93,84,151
1162619-1467534379f211.jpg,0,106,8,149,54
1162622-14963919821bac.jpg,0,25,138,117,236
1162631-15750159912561.jpg,0,87,161,143,220
1162639-15194607997f30.jpg,0,32,12,62,43
1162652-15281872129ad6.jpg,0,206,57,246,99
1162700-14970832205b13.jpg,0,154,65,201,115
1162718-15029584385781.jpg,0,160,194,185,221
1162750-15058096708859.jpg,0,82,183,117,220
1162815-15043408950ab3.jpg,0,25,17,113,110
1162834-152092971406fe.jpg,0,185,203,218,238
1162834-15297425145b05.jpg,0,22,77,120,182
1162935-1521880175e49d.jpg,0,127,80,209,167
1163001-15479730019e58.jpg,0,4,110,94,205
1163041-1501489841ad4f.jpg,0,35,65,80,112
1163048-152473144877cc.jpg,0,137,131,190,187
1163114-1524904274dd78.jpg,0,144,31,240,133
1163238-1507278758b28e.jpg,0,111,132,168,193
1163310-1505464390d62b.jpg,0,33,35,122,130
1163319-1524731599f6c3.jpg,0,116,52,196,137
1163322-152490440242d7.jpg,0,34,43,151,168
1163440-14973428808ec3.jpg,0,6,117,75,191
1163523-15027861235302.jpg,0,104,40,207,150
1163525-1529742925d533.jpg,0,136,98,243,211
1163559-1531125359156f.jpg,0,218,199,251,234
1163600-1521794160f0b7.jpg,0,129,94,205,175
1163625-15052053855e46.jpg,0,106,0,211,111
1163626-153406298641dd.jpg,0,121,130,209,223
1163639-1505896599d19e.jpg,0,174,73,211,113
1163726-1505810246f12f.jpg,0,74,99,170,201
1163727-1519029447862b.jpg,0,92,5,198,118
1163732-15029590523c2b.jpg,0,158,16,241,104
1163753-1523003873b007.jpg,0,34,73,105,148
1163804-1504946284247b.jpg,0,116,12,182,82
1163806-1570264686e1ed.jpg,0,141,12,221,97
1163818-15083158987546.jpg,0,6,85,55,137
1163824-152974310491a7.jpg,0,27,156,55,186
1163825-151116710571f4.jpg,0,97,151,156,214
1163838-1497343118c238.jpg,0,154,12,192,53
1163919-1526978359edda.jpg,0,121,52,161,95
1163933-1534063173841c.jpg,0,42,42,154,161
1164002-1520930402ad8e.jpg,0,177,211,218,255
1164007-1499848807a631.jpg,0,145,134,251,247
1164118-1515573678fb2e.jpg,0,195,47,248,103
1164119-1638434479e3be.jpg,0,69,48,172,157
1164125-14973432854afa.jpg,0,86,143,184,248
1164207-15208441277c9e.jpg,0,40,58,133,157
1164210-15209305305ddd.jpg,0,61,56,179,182
1164215-1504428135bd1e.jpg,0,178,148,246,220
1164221-1503477741c19d.jpg,0,42,115,68,142
1164246-16570105661570.jpg,0,169,30,238,103
1164301-15043417814106.jpg,0,165,6,240,86
1164307-1550479387ff23.jpg,0,103,136,123,158
1164310-1509352990d606.jpg,0,211,201,234,225
1164318-1501749798563d.jpg,0,48,75,154,187
1164347-15037370271a1c.jpg,0,221,175,236,191
1164353-15217946338c96.jpg,0,182,130,208,158
1164358-15209306386e6b.jpg,0,45,199,86,243
1164421-152982986116b0.jpg,0,169,124,256,217
1164446-1656751486644f.jpg,0,31,56,139,171
1164459-1611909899d7d4.jpg,0,136,167,150,182
1164547-154166674724aa.jpg,0,142,127,196,184
1164551-15268923511266.jpg,0,9,151,106,254
1164608-1499762768af67.jpg,0,209,94,234,120
1164638-1497084398515e.jpg,0,124,194,177,250
1164727-1526892447cee3.jpg,0,110,155,185,234
1164729-16119100497794.jpg,0,17,129,94,211
1164735-15281884558d7a.jpg,0,232,148,247,164
1164759-1520758079a778.jpg,0,130,140,179,193
1164806-15535900861705.jpg,0,138,102,209,178
1164812-16119100927f2a.jpg,0,22,180,86,248
1164826-1527929306bd53.jpg,0,21,84,120,189
1164840-1541666920b5c8.jpg,0,211,171,249,211
1164847-1506588527fae8.jpg,0,55,96,135,181
1164858-15230045385808.jpg,0,51,61,124,138
1164912-149889895249fa.jpg,0,53,188,98,236
1164924-16522589644ed8.jpg,0,41,125,123,213
1164924-1657010964eabe.jpg,0,170,136,207,176
1164936-1611910176bff5.jpg,0,157,169,224,240
1164942-15093533824268.jpg,0,72,34,136,103
1164943-1504342183144d.jpg,0,46,165,80,201
1164944-15281885848c1c.jpg,0,102,115,190,209
1165043-15311262431eaa.jpg,0,97,111,144,161
1165109-16522590695e8c.jpg,0,173,60,232,123
1165124-1507798284f510.jpg,0,90,64,146,123
1165253-15254239733be7.jpg,0,144,90,163,110
1165429-15050336691f48.jpg,0,198,95,224,122
1165517-152093131700ed.jpg,0,84,113,201,238
1165540-15029601404c96.jpg,0,94,194,128,231
1165545-151116814540ef.jpg,0,123,153,219,255
1165557-1527929757fe69.jpg,0,0,54,36,93
1165610-1523350570a217.jpg,0,85,159,123,200
1165653-1525424213f3c2.jpg,0,137,161,183,210
1165847-1515574727da75.jpg,0,79,127,146,198
1165905-15275843455675.jpg,0,16,137,61,185
1165914-1520931554a9e5.jpg,0,57,168,109,223
1165936-1508317176775f.jpg,0,152,32,225,109
1170009-15226596095558.jpg,0,48,55,156,170
1170045-1520931645be1b.jpg,0,207,226,222,242
1170104-16570116648fbc.jpg,0,140,70,173,105
1170105-1502960465cf39.jpg,0,140,66,166,93
1170135-1525424495ea6a.jpg,0,165,156,254,250
1170157-152335091706a6.jpg,0,30,161,71,204
1170231-15042565514b54.jpg,0,16,127,75,190
1170304-1521795784008e.jpg,0,59,6,167,121
1170341-15534182211404.jpg,0,135,189,198,256
1170353-1501491833bddc.jpg,0,125,6,235,123
1170435-1509527075c3fe.jpg,0,146,163,213,234
1170455-149985029599a5.jpg,0,27,31,54,59
1170523-1511168723f890.jpg,0,195,151,228,186
1170611-1523351171986b.jpg,0,198,100,244,149
1170620-1522659980dd25.jpg,0,71,31,167,133
1170622-15254247824212.jpg,0,165,15,220,74
1170635-15092679953c49.jpg,0,32,11,80,62
1170717-15087496376733.jpg,0,231,104,252,126
1170752-151142807270fa.jpg,0,129,184,162,219
1170828-1510304908ca7f.jpg,0,36,33,54,52
1170854-1502960934c3f7.jpg,0,91,33,154,100
1170912-1537693752ace9.jpg,0,182,116,253,191
1170928-15534185685fa8.jpg,0,73,23,131,84
1170952-1579338592a802.jpg,0,12,150,111,256
1171000-1510305000e371.jpg,0,1,75,88,167
1171020-152179622051d1.jpg,0,172,16,251,100
1171023-15219690237f1d.jpg,0,0,155,89,250
1171046-149890024661b7.jpg,0,42,161,108,231
1171132-1527585092627e.jpg,0,94,90,159,159
1171145-15033931051c95.jpg,0,47,100,131,190
1171214-151920433457fc.jpg,0,18,75,53,112
1171218-151142833810e1.jpg,0,136,95,149,109
1171311-1527585191d6d7.jpg,0,151,55,246,156
1171410-1511428450dd21.jpg,0,82,47,119,86
1171543-1522660543001f.jpg,0,50,9,92,54
1171644-1521796604660e.jpg,0,8,35,64,95
1171654-1511342214e5ff.jpg,0,107,56,162,114
1171724-1509873444e643.jpg,0,121,28,200,112
1171727-15376942470090.jpg,0,181,123,215,159
1171754-1580462274131b.jpg,0,5,168,54,220
1171856-15113423368263.jpg,0,156,61,187,94
1171903-1531127943a314.jpg,0,42,185,95,242
1171928-1537694368e8e7.jpg,0,50,39,107,100
1172103-1522660863dde4.jpg,0,24,177,97,255
1172150-1521796910a15a.jpg,0,34,154,62,184
1172159-15533329199cb2.jpg,0,38,41,111,119
1172209-150460332908da.jpg,0,8,33,21,47
1172301-1501492981a786.jpg,0,10,146,98,239
1172318-15219697986ee5.jpg,0,187,98,220,134
1172332-150477621274f3.jpg,0,64,42,160,144
1172537-1519205137d48b.jpg,0,52,8,97,56
1172538-1618824338c7c2.jpg,0,137,79,161,104
1172707-1528190827f1e8.jpg,0,205,48,250,96
1172840-15233525208b16.jpg,0,70,46,104,82
1172857-15510869374d3b.jpg,0,80,53,195,176
1172907-16188245474148.jpg,0,53,189,96,235
1172925-15279317654c6d.jpg,0,158,27,247,121
1172954-15192053948b91.jpg,0,95,152,164,225
1173015-1500802215d750.jpg,0,122,25,193,100
1173015-1521797415e73a.jpg,0,89,15,162,93
1173101-15098742610b45.jpg,0,86,28,175,122
1173143-1538559103d1d2.jpg,0,118,145,212,245
1173216-150952873642cf.jpg,0,25,121,56,154
1173257-1521970377fb9b.jpg,0,219,181,235,198
1173318-15217975984a91.jpg,0,55,43,75,64
1173426-15036536662111.jpg,0,196,207,232,245
1173617-15092697774d95.jpg,0,20,71,75,130
1173620-1537695380f3b5.jpg,0,98,126,145,176
1173635-1472981795cb7b.jpg,0,117,191,134,209
1173731-15205018518854.jpg,0,96,20,141,68
1173732-1509874652ef72.jpg,0,184,182,248,250
1173744-1546249064632e.jpg,0,103,195,120,213
1173748-150926986841b0.jpg,0,207,169,243,207
1173806-14984698862ea6.jpg,0,93,89,144,143
1173825-1529487505f2d4.jpg,0,182,4,238,64
1173837-14729819176c69.jpg,0,190,65,227,104
1173849-1529746729015a.jpg,0,101,148,151,202
1173924-1521970764c8fa.jpg,0,54,76,173,203
1174046-15294876467800.jpg,0,124,125,179,183
1174111-15007164719bc4.jpg,0,211,184,246,221
1174111-1529746871d839.jpg,0,140,73,217,155
1174144-15078013043e01.jpg,0,107,77,161,135
1174222-1533807742d2c0.jpg,0,90,22,142,77
1174234-1523353354e82c.jpg,0,76,103,121,151
1174317-152197099786bf.jpg,0,164,2,247,90
1174336-1495791816c5aa.jpg,0,227,103,251,129
1174406-150952944620ab.jpg,0,9,108,52,154
1174431-14970878712e41.jpg,0,229,186,250,208
1174500-1503654300213b.jpg,0,16,60,84,132
1174534-1507196734b2f0.jpg,0,24,21,64,63
1174550-15014943505663.jpg,0,95,10,182,102
1174601-15338079613237.jpg,0,67,77,184,201
1174614-150391357431c6.jpg,0,45,165,99,222
1174614-1523353574ca19.jpg,0,145,62,169,88
1174721-15548896413f5f.jpg,0,21,37,36,53
1174753-15315616735d64.jpg,0,58,195,94,233
1174811-15233536911f5a.jpg,0,78,117,152,196
1174855-14970881351957.jpg,0,219,24,251,58
1174918-15020129582087.jpg,0,215,79,237,103
1174951-1503654591d930.jpg,0,29,82,133,193
1175000-1503913800d872.jpg,0,175,134,231,193
1175137-14989890973ef5.jpg,0,28,44,79,98
1175156-15315619163752.jpg,0,175,78,256,164
1175158-15012355188fde.jpg,0,32,51,118,142
1175204-1518083524c1d4.jpg,0,134,12,171,52
1175223-1505641943abcf.jpg,0,107,177,179,253
1175312-1531561992fb44.jpg,0,199,152,228,182
1175345-1505642025469f.jpg,0,68,92,144,173
1175415-15157508552038.jpg,0,113,57,174,122
1175432-15570500721ee7.jpg,0,82,117,195,237
1175540-1613469340130b.jpg,0,188,89,230,134
1175550-15311301504109.jpg,0,128,12,180,68
1175642-1506679002ad03.jpg,0,142,147,156,162
1175714-15036550347107.jpg,0,146,18,159,32
1175800-1536487080003e.jpg,0,92,15,104,28
1175825-15192071052947.jpg,0,54,102,87,137
1175838-151765191814cc.jpg,0,101,80,206,191
1175954-1503655194a786.jpg,0,205,115,246,159
1180006-15046056062921.jpg,0,41,91,117,172
1180012-1526983212e40e.jpg,0,32,12,150,138
1180028-15570504283944.jpg,0,125,55,183,116
1180102-1507197662dda8.jpg,0,11,144,80,217
1180231-1521799351f335.jpg,0,67,99,116,151
1180254-15060745745283.jpg,0,54,27,81,55
1180330-15071978107ccf.jpg,0,6,73,19,87
1180342-1546682622077d.jpg,0,74,143,150,224
1180437-150201387750a5.jpg,0,192,75,233,118
1180443-1523786683938c.jpg,0,60,119,178,244
1180540-15192075400a0c.jpg,0,115,51,185,126
1180552-15269835522573.jpg,0,156,56,199,102
1180555-1503655555c49a.jpg,0,227,25,252,51
1180655-1536487615dac1.jpg,0,108,155,150,199
1180701-15660364218cd8.jpg,0,154,82,222,155
1180705-152378682594a4.jpg,0,109,180,131,203
1180717-1546682837d16a.jpg,0,123,145,207,234
1180741-15020140611766.jpg,0,136,196,172,234
1180803-153380928325a2.jpg,0,172,97,195,122
1180844-15192077241b0c.jpg,0,90,38,146,98
1180940-15064205804a89.jpg,0,190,168,234,215
1180946-15020141862d80.jpg,0,156,188,176,209
1181053-15197262532c9b.jpg,0,155,11,183,41
1181054-15090126549328.jpg,0,97,42,216,169
1181109-16506222690509.jpg,0,113,66,214,173
1181120-1500718280163e.jpg,0,103,47,138,84
1181128-1501236688e0da.jpg,0,176,14,248,90
1181219-1533809539f157.jpg,0,196,57,234,97
1181310-151920799086f1.jpg,0,0,73,41,117
1181336-15064208163a7a.jpg,0,179,2,205,30
1181511-154201771122af.jpg,0,58,215,82,240
1181522-15207633229890.jpg,0,17,115,45,145
1181556-15364881564ba0.jpg,0,149,122,197,173
1181613-15207633738b86.jpg,0,128,26,175,76
1181736-15090994560c1c.jpg,0,79,38,106,67
1181816-150572989616f6.jpg,0,30,69,55,96
1181819-15226642993ded.jpg,0,43,84,161,209
1181917-15482387573053.jpg,0,37,112,69,146
1181928-15192083687d9e.jpg,0,88,90,121,126
1181931-1520763571bca2.jpg,0,171,55,224,112
1181946-15240467863f8e.jpg,0,180,0,205,26
1182150-15240469101fc7.jpg,0,214,218,230,235
1182155-151575251537fc.jpg,0,116,29,203,122
1182213-15249109332d93.jpg,0,205,87,238,123
1182257-1536142977788e.jpg,0,33,31,87,89
1182259-15420181792f77.jpg,0,191,233,203,246
1182304-150201498448ca.jpg,0,221,61,251,93
1182323-1566037403747a.jpg,0,41,90,64,114
1182326-1503656606df59.jpg,0,149,73,229,158
1182328-1497090208240d.jpg,0,131,148,195,216
1182330-15033974101983.jpg,0,4,39,59,97
1182358-1519208638ba9b.jpg,0,65,200,114,252
1182407-1494239047101f.jpg,0,9,175,68,237
1182416-14989910563396.jpg,0,113,77,163,130
1182524-1520936724b777.jpg,0,6,11,60,68
1182643-1500719203cf9e.jpg,0,12,172,40,202
1182702-1522664822f06c.jpg,0,75,186,116,229
1182711-15036568317554.jpg,0,0,142,95,243
1182736-1505730456f925.jpg,0,86,41,171,132
1182831-15090137115d81.jpg,0,30,130,126,233
1182835-15095321155142.jpg,0,186,124,212,152
1182839-1506421719c711.jpg,0,155,218,181,245
1182847-15044345272171.jpg,0,10,203,48,243
1182900-1494239340bf5f.jpg,0,123,190,144,212
1182903-150071934324f7.jpg,0,17,136,50,172
1182904-1521800944634b.jpg,0,53,12,76,36
1182909-15033977494c3c.jpg,0,65,156,116,211
1182929-15027929699751.jpg,0,142,133,176,169
1182945-1532600985242a.jpg,0,183,157,240,217
1183036-153942663656e1.jpg,0,78,147,100,171
1183101-15117786619fbf.jpg,0,211,137,251,179
1183110-152007307005f7.jpg,0,147,106,205,167
1183121-15064218816188.jpg,0,196,86,247,141
1183134-151903629489e6.jpg,0,24,192,80,251
1183149-1512124309a6f0.jpg,0,134,116,199,185
1183201-15420187218258.jpg,0,162,38,193,71
